city,lat,lon,species,common_name,age_years,scenario,trees_planted,trees_alive,agb_kg,bgb_kg,carbon_t,co2_t,co2_total_t,co2_cumulative_t
Chennai,13.0827,80.2707,Azadirachta indica,Neem,0,0.8,100,100.0,0.0,0.0,0.0,0.0,0.0,0.0
Chennai,13.0827,80.2707,Azadirachta indica,Neem,1,0.8,100,80.0,0.04998323240396796,0.01199597577695231,2.9130227845032525e-05,0.00010681083543178591,0.008544866834542874,0.008544866834542874
Chennai,13.0827,80.2707,Azadirachta indica,Neem,2,0.8,100,64.0,0.3803996999682762,0.09129592799238628,0.00022169694514151137,0.0008128887988522083,0.052024883126541334,0.060569749961084204
Chennai,13.0827,80.2707,Azadirachta indica,Neem,3,0.8,100,51.20000000000001,1.246910758900822,0.29925858213619727,0.000726699590287399,0.0026645651643871296,0.13642573641662106,0.19699548637770525
Chennai,13.0827,80.2707,Azadirachta indica,Neem,4,0.8,100,40.96000000000001,2.895049495127633,0.6948118788306319,0.0016872348457603844,0.006186527767788076,0.25340017736859966,0.4503956637463049
Chennai,13.0827,80.2707,Azadirachta indica,Neem,5,0.8,100,32.76800000000001,5.5642740439205625,1.335425770540935,0.0032428589127969035,0.011890482680255313,0.3896273364666062,0.8400230002129111
Chennai,13.0827,80.2707,Azadirachta indica,Neem,6,0.8,100,26.214400000000005,9.489671951176843,2.277521268282442,0.005530580813145864,0.020278796314868168,0.5315964781164803,1.3716194783293914
Chennai,13.0827,80.2707,Azadirachta indica,Neem,7,0.8,100,20.97152000000001,14.902921010578213,3.576701042538771,0.008685422364964982,0.031846548671538265,0.6678705323961385,2.0394900107255296
Chennai,13.0827,80.2707,Azadirachta indica,Neem,8,0.8,100,16.777216000000006,22.03290796480052,5.2878979115521245,0.012840778761885743,0.04708285546024772,0.7899192359533558,2.8294092466788854
Chennai,13.0827,80.2707,Azadirachta indica,Neem,9,0.8,100,13.421772800000006,31.106160323860834,7.4654784777266,0.01812867023674609,0.066471790868069,0.8921692746403372,3.7215785213192225
Chennai,13.0827,80.2707,Azadirachta indica,Neem,10,0.8,100,10.737418240000006,42.347164740002235,10.163319537600536,0.0246799276104733,0.09049306790506877,0.9716619179174445,4.693240439236667
Chennai,13.0827,80.2707,Azadirachta indica,Neem,11,0.8,100,8.589934592000006,50.37524400661103,12.090058561586646,0.029358692207052905,0.10764853809252731,0.9246939011392307,5.617934340375897
Chennai,13.0827,80.2707,Azadirachta indica,Neem,12,0.8,100,6.871947673600006,59.33756985373092,14.24101676489542,0.03458193571075438,0.12680043093943272,0.8713659264057129,6.48930026678161
Chennai,13.0827,80.2707,Azadirachta indica,Neem,13,0.8,100,5.497558138880003,69.28308586467767,16.627940607522643,0.04037818244193415,0.1480533356204252,0.8139318202284012,7.303232087010011
Chennai,13.0827,80.2707,Azadirachta indica,Neem,14,0.8,100,4.3980465111040035,80.26054897565537,19.262531754157287,0.04677584794301195,0.17151144245771047,0.7543153011155486,8.05754738812556
Chennai,13.0827,80.2707,Azadirachta indica,Neem,15,0.8,100,3.518437208883203,92.31853944615985,22.156449467078364,0.05380324478922196,0.19727856422714718,0.6941122408918494,8.751659629017409
Chennai,13.0827,80.2707,Azadirachta indica,Neem,16,0.8,100,2.814749767106562,105.50546985867628,25.321312766082304,0.06148858783363653,0.2254581553900006,0.6346082903762793,9.386267919393688
Chennai,13.0827,80.2707,Azadirachta indica,Neem,17,0.8,100,2.2517998136852504,119.8695932800232,28.768702387205565,0.06985999896359751,0.25615332953319087,0.5768060197176957,9.963073939111384
Chennai,13.0827,80.2707,Azadirachta indica,Neem,18,0.8,100,1.8014398509482,135.45901069407515,32.51016256657803,0.07894551143250698,0.2894668752525256,0.521457164609351,10.484531103720736
Chennai,13.0827,80.2707,Azadirachta indica,Neem,19,0.8,100,1.4411518807585602,152.3216777975331,36.55720267140794,0.08877307382040228,0.32550127067480833,0.4690967684223012,10.953627872143036
Chennai,13.0827,80.2707,Azadirachta indica,Neem,20,0.8,100,1.1529215046068484,170.50541123586217,40.92129869660692,0.09937055366826048,0.3643586967836217,0.42007697691236356,11.3737048490554
Chennai,13.0827,80.2707,Azadirachta indica,Neem,0,0.9,100,100.0,0.0,0.0,0.0,0.0,0.0,0.0
Chennai,13.0827,80.2707,Azadirachta indica,Neem,1,0.9,100,90.0,0.04998323240396796,0.01199597577695231,2.9130227845032525e-05,0.00010681083543178591,0.009612975188860732,0.009612975188860732
Chennai,13.0827,80.2707,Azadirachta indica,Neem,2,0.9,100,81.0,0.3803996999682762,0.09129592799238628,0.00022169694514151137,0.0008128887988522083,0.06584399270702887,0.0754569678958896
Chennai,13.0827,80.2707,Azadirachta indica,Neem,3,0.9,100,72.9,1.246910758900822,0.29925858213619727,0.000726699590287399,0.0026645651643871296,0.19424680048382176,0.26970376837971133
Chennai,13.0827,80.2707,Azadirachta indica,Neem,4,0.9,100,65.61,2.895049495127633,0.6948118788306319,0.0016872348457603844,0.006186527767788076,0.4058980868445757,0.6756018552242871
Chennai,13.0827,80.2707,Azadirachta indica,Neem,5,0.9,100,59.04900000000001,5.5642740439205625,1.335425770540935,0.0032428589127969035,0.011890482680255313,0.702121111786396,1.377722967010683
Chennai,13.0827,80.2707,Azadirachta indica,Neem,6,0.9,100,53.14410000000001,9.489671951176843,2.277521268282442,0.005530580813145864,0.020278796314868168,1.0776983792369856,2.4554213462476686
Chennai,13.0827,80.2707,Azadirachta indica,Neem,7,0.9,100,47.82969000000001,14.902921010578213,3.576701042538771,0.008685422364964982,0.031846548671538265,1.5232105505295872,3.978631896777256
Chennai,13.0827,80.2707,Azadirachta indica,Neem,8,0.9,100,43.046721000000005,22.03290796480052,5.2878979115521245,0.012840778761885743,0.04708285546024772,2.0267625428806104,6.0053944396578665
Chennai,13.0827,80.2707,Azadirachta indica,Neem,9,0.9,100,38.74204890000001,31.106160323860834,7.4654784777266,0.01812867023674609,0.066471790868069,2.575253372281303,8.58064781193917
Chennai,13.0827,80.2707,Azadirachta indica,Neem,10,0.9,100,34.867844010000006,42.347164740002235,10.163319537600536,0.0246799276104733,0.09049306790506877,3.155298175700276,11.735945987639445
Chennai,13.0827,80.2707,Azadirachta indica,Neem,11,0.9,100,31.381059609000005,50.37524400661103,12.090058561586646,0.029358692207052905,0.10764853809252731,3.378125190703307,15.114071178342751
Chennai,13.0827,80.2707,Azadirachta indica,Neem,12,0.9,100,28.242953648100013,59.33756985373092,14.24101676489542,0.03458193571075438,0.12680043093943272,3.581218693581505,18.695289871924256
Chennai,13.0827,80.2707,Azadirachta indica,Neem,13,0.9,100,25.418658283290007,69.28308586467767,16.627940607522643,0.04037818244193415,0.1480533356204252,3.763317145836836,22.458607017761093
Chennai,13.0827,80.2707,Azadirachta indica,Neem,14,0.9,100,22.876792454961006,80.26054897565537,19.262531754157287,0.04677584794301195,0.17151144245771047,3.9236316727560294,26.382238690517124
Chennai,13.0827,80.2707,Azadirachta indica,Neem,15,0.9,100,20.58911320946491,92.31853944615985,22.156449467078364,0.05380324478922196,0.19727856422714718,4.061790692673427,30.44402938319055
Chennai,13.0827,80.2707,Azadirachta indica,Neem,16,0.9,100,18.53020188851842,105.50546985867628,25.321312766082304,0.06148858783363653,0.2254581553900006,4.177785136789669,34.62181451998022
Chennai,13.0827,80.2707,Azadirachta indica,Neem,17,0.9,100,16.677181699666576,119.8695932800232,28.768702387205565,0.06985999896359751,0.25615332953319087,4.271915619599593,38.893730139579816
Chennai,13.0827,80.2707,Azadirachta indica,Neem,18,0.9,100,15.009463529699918,135.45901069407515,32.51016256657803,0.07894551143250698,0.2894668752525256,4.344742507158979,43.23847264673879
Chennai,13.0827,80.2707,Azadirachta indica,Neem,19,0.9,100,13.508517176729926,152.3216777975331,36.55720267140794,0.08877307382040228,0.32550127067480833,4.397039505958065,47.635512152696855
Chennai,13.0827,80.2707,Azadirachta indica,Neem,20,0.9,100,12.157665459056934,170.50541123586217,40.92129869660692,0.09937055366826048,0.3643586967836217,4.429751142593236,52.065263295290094
Chennai,13.0827,80.2707,Azadirachta indica,Neem,0,0.95,100,100.0,0.0,0.0,0.0,0.0,0.0,0.0
Chennai,13.0827,80.2707,Azadirachta indica,Neem,1,0.95,100,95.0,0.04998323240396796,0.01199597577695231,2.9130227845032525e-05,0.00010681083543178591,0.010147029366019663,0.010147029366019663
Chennai,13.0827,80.2707,Azadirachta indica,Neem,2,0.95,100,90.24999999999999,0.3803996999682762,0.09129592799238628,0.00022169694514151137,0.0008128887988522083,0.07336321409641179,0.08351024346243145
Chennai,13.0827,80.2707,Azadirachta indica,Neem,3,0.95,100,85.73749999999998,1.246910758900822,0.29925858213619727,0.000726699590287399,0.0026645651643871296,0.22845315578164146,0.3119633992440729
Chennai,13.0827,80.2707,Azadirachta indica,Neem,4,0.95,100,81.45062499999999,2.895049495127633,0.6948118788306319,0.0016872348457603844,0.006186527767788076,0.5038965532661935,0.8158599525102664
Chennai,13.0827,80.2707,Azadirachta indica,Neem,5,0.95,100,77.37809374999998,5.5642740439205625,1.335425770540935,0.0032428589127969035,0.011890482680255313,0.9200628835655466,1.735922836075813
Chennai,13.0827,80.2707,Azadirachta indica,Neem,6,0.95,100,73.50918906249998,9.489671951176843,2.277521268282442,0.005530580813145864,0.020278796314868168,1.4906778722695722,3.2266007083453854
Chennai,13.0827,80.2707,Azadirachta indica,Neem,7,0.95,100,69.83372960937497,14.902921010578213,3.576701042538771,0.008685422364964982,0.031846548671538265,2.2239632689200026,5.4505639772653875
Chennai,13.0827,80.2707,Azadirachta indica,Neem,8,0.95,100,66.34204312890623,22.03290796480052,5.2878979115521245,0.012840778761885743,0.04708285546024772,3.1235728275758126,8.5741368048412
Chennai,13.0827,80.2707,Azadirachta indica,Neem,9,0.95,100,63.02494097246091,31.106160323860834,7.4654784777266,0.01812867023674609,0.066471790868069,4.1893806957938144,12.763517500635015
Chennai,13.0827,80.2707,Azadirachta indica,Neem,10,0.95,100,59.873693923837855,42.347164740002235,10.163319537600536,0.0246799276104733,0.09049306790506877,5.418154249977162,18.181671750612175
Chennai,13.0827,80.2707,Azadirachta indica,Neem,11,0.95,100,56.880009227645964,50.37524400661103,12.090058561586646,0.029358692207052905,0.10764853809252731,6.123049840045551,24.304721590657728
Chennai,13.0827,80.2707,Azadirachta indica,Neem,12,0.95,100,54.03600876626366,59.33756985373092,14.24101676489542,0.03458193571075438,0.12680043093943272,6.851789197809197,31.156510788466925
Chennai,13.0827,80.2707,Azadirachta indica,Neem,13,0.95,100,51.33420832795048,69.28308586467767,16.627940607522643,0.04037818244193415,0.1480533356204252,7.600200774386878,38.7567115628538
Chennai,13.0827,80.2707,Azadirachta indica,Neem,14,0.95,100,48.76749791155295,80.26054897565537,19.262531754157287,0.04677584794301195,0.17151144245771047,8.36418391186383,47.12089547471763
Chennai,13.0827,80.2707,Azadirachta indica,Neem,15,0.95,100,46.329123015975306,92.31853944615985,22.156449467078364,0.05380324478922196,0.19727856422714718,9.139742870494487,56.260638345212115
Chennai,13.0827,80.2707,Azadirachta indica,Neem,16,0.95,100,44.012666865176534,105.50546985867628,25.321312766082304,0.06148858783363653,0.2254581553900006,9.923014685217302,66.18365303042941
Chennai,13.0827,80.2707,Azadirachta indica,Neem,17,0.95,100,41.812033521917705,119.8695932800232,28.768702387205565,0.06985999896359751,0.25615332953319087,10.710291601192608,76.89394463162202
Chennai,13.0827,80.2707,Azadirachta indica,Neem,18,0.95,100,39.72143184582182,135.45901069407515,32.51016256657803,0.07894551143250698,0.2894668752525256,11.498038756966203,88.39198338858822
Chennai,13.0827,80.2707,Azadirachta indica,Neem,19,0.95,100,37.73536025353073,152.3216777975331,36.55720267140794,0.08877307382040228,0.32550127067480833,12.28290771189591,100.67489110048413
Chennai,13.0827,80.2707,Azadirachta indica,Neem,20,0.95,100,35.848592240854195,170.50541123586217,40.92129869660692,0.09937055366826048,0.3643586967836217,13.061746350405087,113.73663745088922
Chennai,13.0827,80.2707,Casuarina equisetifolia,Casuarina (Coastal she-oak),0,0.8,100,100.0,0.0,0.0,0.0,0.0,0.0,0.0
Chennai,13.0827,80.2707,Casuarina equisetifolia,Casuarina (Coastal she-oak),1,0.8,100,80.0,0.12876048817043928,0.033477726924314215,7.625196109453414e-05,0.0002795905240132918,0.022367241921063347,0.022367241921063347
Chennai,13.0827,80.2707,Casuarina equisetifolia,Casuarina (Coastal she-oak),2,0.8,100,64.0,0.9799376453275466,0.25478378778516214,0.000580319073562973,0.0021278366030642345,0.136181542596111,0.15854878451717436
Chennai,13.0827,80.2707,Casuarina equisetifolia,Casuarina (Coastal she-oak),3,0.8,100,51.20000000000001,3.212133955712259,0.8351548284851873,0.0019022257285727998,0.006974827671433599,0.35711117677740034,0.5156599612945747
Chennai,13.0827,80.2707,Casuarina equisetifolia,Casuarina (Coastal she-oak),4,0.8,100,40.96000000000001,7.457860733325148,1.9390437906645386,0.004416545126275153,0.016193998796342226,0.6633061906981778,1.1789661519927526
Chennai,13.0827,80.2707,Casuarina equisetifolia,Casuarina (Coastal she-oak),5,0.8,100,32.76800000000001,14.333979771833235,3.726834740676641,0.00848858282087964,0.03112480367655868,1.019897566873475,2.1988637188662277
Chennai,13.0827,80.2707,Casuarina equisetifolia,Casuarina (Coastal she-oak),6,0.8,100,26.214400000000005,24.44609390476024,6.355984415237662,0.014476976810399014,0.05308224830479638,1.3915192899612545,3.590383008827482
Chennai,13.0827,80.2707,Casuarina equisetifolia,Casuarina (Coastal she-oak),7,0.8,100,20.97152000000001,38.39102219277867,9.981665770122454,0.02273516334256353,0.0833622655893996,1.7482334200534062,5.338616428880888
Chennai,13.0827,80.2707,Casuarina equisetifolia,Casuarina (Coastal she-oak),8,0.8,100,16.777216000000006,56.7583937435959,14.757182373334935,0.033612320774957495,0.12324517617484414,2.0677109416434147,7.406327370524303
Chennai,13.0827,80.2707,Casuarina equisetifolia,Casuarina (Coastal she-oak),9,0.8,100,13.421772800000006,80.13176010782193,20.834257628033704,0.04745402833585215,0.17399810389812453,2.335363018151423,9.741690388675726
Chennai,13.0827,80.2707,Casuarina equisetifolia,Casuarina (Coastal she-oak),10,0.8,100,10.737418240000006,109.08941543612214,28.363248013391757,0.06460275182127152,0.23687675667799557,2.543444807786353,12.285135196462079
Chennai,13.0827,80.2707,Casuarina equisetifolia,Casuarina (Coastal she-oak),11,0.8,100,8.589934592000006,129.5644249174825,33.686750478545456,0.07672805243613313,0.28133619226582146,2.416659489925744,14.701794686387823
Chennai,13.0827,80.2707,Casuarina equisetifolia,Casuarina (Coastal she-oak),12,0.8,100,6.871947673600006,152.38582019786872,39.62031325144587,0.09024288272117786,0.33089056997765215,2.2738626825741064,16.97565736896193
Chennai,13.0827,80.2707,Casuarina equisetifolia,Casuarina (Coastal she-oak),13,0.8,100,5.497558138880003,177.67463506785032,46.19540511764109,0.10521891888718095,0.38580270258633015,2.1209727876053805,19.09663015656731
Chennai,13.0827,80.2707,Casuarina equisetifolia,Casuarina (Coastal she-oak),14,0.8,100,4.3980465111040035,205.5514468556813,53.44337618247714,0.12172756682793445,0.4463344117024263,1.962999502173514,21.059629658740825
Chennai,13.0827,80.2707,Casuarina equisetifolia,Casuarina (Coastal she-oak),15,0.8,100,3.518437208883203,236.13640076325953,61.39546419844748,0.13983997653200228,0.5127465806173417,1.804066647971686,22.863696306712512
Chennai,13.0827,80.2707,Casuarina equisetifolia,Casuarina (Coastal she-oak),16,0.8,100,2.814749767106562,269.54923180211466,70.08280026854982,0.1596270550732123,0.5852992019351116,1.6474707923345122,24.511167099047025
Chennai,13.0827,80.2707,Casuarina equisetifolia,Casuarina (Coastal she-oak),17,0.8,100,2.2517998136852504,305.9092846680865,79.5364140137025,0.18115947838044083,0.664251420728283,1.4957612254361106,26.006928324483134
Chennai,13.0827,80.2707,Casuarina equisetifolia,Casuarina (Coastal she-oak),18,0.8,100,1.8014398509482,345.33553183169147,89.78723827623979,0.2045077019507277,0.7498615738193349,1.3508305217728853,27.35775884625602
Chennai,13.0827,80.2707,Casuarina equisetifolia,Casuarina (Coastal she-oak),19,0.8,100,1.4411518807585602,387.94659007324066,100.86611341904258,0.22974197064137308,0.8423872256850347,1.2140079346229733,28.571766780878992
Chennai,13.0827,80.2707,Casuarina equisetifolia,Casuarina (Coastal she-oak),20,0.8,100,1.1529215046068484,433.8607356539361,112.8037912700234,0.25693232765426094,0.9420852013989567,1.086150287864731,29.65791706874372
Chennai,13.0827,80.2707,Casuarina equisetifolia,Casuarina (Coastal she-oak),0,0.9,100,100.0,0.0,0.0,0.0,0.0,0.0,0.0
Chennai,13.0827,80.2707,Casuarina equisetifolia,Casuarina (Coastal she-oak),1,0.9,100,90.0,0.12876048817043928,0.033477726924314215,7.625196109453414e-05,0.0002795905240132918,0.025163147161196265,0.025163147161196265
Chennai,13.0827,80.2707,Casuarina equisetifolia,Casuarina (Coastal she-oak),2,0.9,100,81.0,0.9799376453275466,0.25478378778516214,0.000580319073562973,0.0021278366030642345,0.172354764848203,0.19751791200939928
Chennai,13.0827,80.2707,Casuarina equisetifolia,Casuarina (Coastal she-oak),3,0.9,100,72.9,3.212133955712259,0.8351548284851873,0.0019022257285727998,0.006974827671433599,0.5084649372475094,0.7059828492569087
Chennai,13.0827,80.2707,Casuarina equisetifolia,Casuarina (Coastal she-oak),4,0.9,100,65.61,7.457860733325148,1.9390437906645386,0.004416545126275153,0.016193998796342226,1.0624882610280135,1.7684711102849222
Chennai,13.0827,80.2707,Casuarina equisetifolia,Casuarina (Coastal she-oak),5,0.9,100,59.04900000000001,14.333979771833235,3.726834740676641,0.00848858282087964,0.03112480367655868,1.8378885322971137,3.606359642582036
Chennai,13.0827,80.2707,Casuarina equisetifolia,Casuarina (Coastal she-oak),6,0.9,100,53.14410000000001,24.44609390476024,6.355984415237662,0.014476976810399014,0.05308224830479638,2.82100831213493,6.427367954716965
Chennai,13.0827,80.2707,Casuarina equisetifolia,Casuarina (Coastal she-oak),7,0.9,100,47.82969000000001,38.39102219277867,9.981665770122454,0.02273516334256353,0.0833622655893996,3.987191320838651,10.414559275555616
Chennai,13.0827,80.2707,Casuarina equisetifolia,Casuarina (Coastal she-oak),8,0.9,100,43.046721000000005,56.7583937435959,14.757182373334935,0.033612320774957495,0.12324517617484414,5.305300713394363,15.71985998894998
Chennai,13.0827,80.2707,Casuarina equisetifolia,Casuarina (Coastal she-oak),9,0.9,100,38.74204890000001,80.13176010782193,20.834257628033704,0.04745402833585215,0.17399810389812453,6.741043049728423,22.460903038678403
Chennai,13.0827,80.2707,Casuarina equisetifolia,Casuarina (Coastal she-oak),10,0.9,100,34.867844010000006,109.08941543612214,28.363248013391757,0.06460275182127152,0.23687675667799557,8.259381801443077,30.72028484012148
Chennai,13.0827,80.2707,Casuarina equisetifolia,Casuarina (Coastal she-oak),11,0.9,100,31.381059609000005,129.5644249174825,33.686750478545456,0.07672805243613313,0.28133619226582146,8.82862781966283,39.54891265978431
Chennai,13.0827,80.2707,Casuarina equisetifolia,Casuarina (Coastal she-oak),12,0.9,100,28.242953648100013,152.38582019786872,39.62031325144587,0.09024288272117786,0.33089056997765215,9.345327030472223,48.894239690256526
Chennai,13.0827,80.2707,Casuarina equisetifolia,Casuarina (Coastal she-oak),13,0.9,100,25.418658283290007,177.67463506785032,46.19540511764109,0.10521891888718095,0.38580270258633015,9.806587061811692,58.70082675206822
Chennai,13.0827,80.2707,Casuarina equisetifolia,Casuarina (Coastal she-oak),14,0.9,100,22.876792454961006,205.5514468556813,53.44337618247714,0.12172756682793445,0.4463344117024263,10.210699702023526,68.91152645409174
Chennai,13.0827,80.2707,Casuarina equisetifolia,Casuarina (Coastal she-oak),15,0.9,100,20.58911320946491,236.13640076325953,61.39546419844748,0.13983997653200228,0.5127465806173417,10.556997396096474,79.46852385018822
Chennai,13.0827,80.2707,Casuarina equisetifolia,Casuarina (Coastal she-oak),16,0.9,100,18.53020188851842,269.54923180211466,70.08280026854982,0.1596270550732123,0.5852992019351116,10.845712377046329,90.31423622723455
Chennai,13.0827,80.2707,Casuarina equisetifolia,Casuarina (Coastal she-oak),17,0.9,100,16.677181699666576,305.9092846680865,79.5364140137025,0.18115947838044083,0.664251420728283,11.077841637747245,101.39207786498179
Chennai,13.0827,80.2707,Casuarina equisetifolia,Casuarina (Coastal she-oak),18,0.9,100,15.009463529699918,345.33553183169147,89.78723827623979,0.2045077019507277,0.7498615738193349,11.25501994456469,112.64709780954648
Chennai,13.0827,80.2707,Casuarina equisetifolia,Casuarina (Coastal she-oak),19,0.9,100,13.508517176729926,387.94659007324066,100.86611341904258,0.22974197064137308,0.8423872256850347,11.37940230762416,124.02650011717064
Chennai,13.0827,80.2707,Casuarina equisetifolia,Casuarina (Coastal she-oak),20,0.9,100,12.157665459056934,433.8607356539361,112.8037912700234,0.25693232765426094,0.9420852013989567,11.453556712536791,135.48005682970742
Chennai,13.0827,80.2707,Casuarina equisetifolia,Casuarina (Coastal she-oak),0,0.95,100,100.0,0.0,0.0,0.0,0.0,0.0,0.0
Chennai,13.0827,80.2707,Casuarina equisetifolia,Casuarina (Coastal she-oak),1,0.95,100,95.0,0.12876048817043928,0.033477726924314215,7.625196109453414e-05,0.0002795905240132918,0.026561099781262722,0.026561099781262722
Chennai,13.0827,80.2707,Casuarina equisetifolia,Casuarina (Coastal she-oak),2,0.95,100,90.24999999999999,0.9799376453275466,0.25478378778516214,0.000580319073562973,0.0021278366030642345,0.19203725342654715,0.21859835320780988
Chennai,13.0827,80.2707,Casuarina equisetifolia,Casuarina (Coastal she-oak),3,0.95,100,85.73749999999998,3.212133955712259,0.8351548284851873,0.0019022257285727998,0.006974827671433599,0.598004287479538,0.8166026406873479
Chennai,13.0827,80.2707,Casuarina equisetifolia,Casuarina (Coastal she-oak),4,0.95,100,81.45062499999999,7.457860733325148,1.9390437906645386,0.004416545126275153,0.016193998796342226,1.3190113232113219,2.1356139638986695
Chennai,13.0827,80.2707,Casuarina equisetifolia,Casuarina (Coastal she-oak),5,0.95,100,77.37809374999998,14.333979771833235,3.726834740676641,0.00848858282087964,0.03112480367655868,2.4083779768351015,4.543991940733771
Chennai,13.0827,80.2707,Casuarina equisetifolia,Casuarina (Coastal she-oak),6,0.95,100,73.50918906249998,24.44609390476024,6.355984415237662,0.014476976810399014,0.05308224830479638,3.9020330264998466,8.446024967233617
Chennai,13.0827,80.2707,Casuarina equisetifolia,Casuarina (Coastal she-oak),7,0.95,100,69.83372960937497,38.39102219277867,9.981665770122454,0.02273516334256353,0.0833622655893996,5.821497914795035,14.267522882028652
Chennai,13.0827,80.2707,Casuarina equisetifolia,Casuarina (Coastal she-oak),8,0.95,100,66.34204312890623,56.7583937435959,14.757182373334935,0.033612320774957495,0.12324517617484414,8.176336793221155,22.443859675249808
Chennai,13.0827,80.2707,Casuarina equisetifolia,Casuarina (Coastal she-oak),9,0.95,100,63.02494097246091,80.13176010782193,20.834257628033704,0.04745402833585215,0.17399810389812453,10.96622022749942,33.41007990274923
Chennai,13.0827,80.2707,Casuarina equisetifolia,Casuarina (Coastal she-oak),10,0.95,100,59.873693923837855,109.08941543612214,28.363248013391757,0.06460275182127152,0.23687675667799557,14.182686427009722,47.59276632975895
Chennai,13.0827,80.2707,Casuarina equisetifolia,Casuarina (Coastal she-oak),11,0.95,100,56.880009227645964,129.5644249174825,33.686750478545456,0.07672805243613313,0.28133619226582146,16.002405212150705,63.59517154190966
Chennai,13.0827,80.2707,Casuarina equisetifolia,Casuarina (Coastal she-oak),12,0.95,100,54.03600876626366,152.38582019786872,39.62031325144587,0.09024288272117786,0.33089056997765215,17.88000573998639,81.47517728189605
Chennai,13.0827,80.2707,Casuarina equisetifolia,Casuarina (Coastal she-oak),13,0.95,100,51.33420832795048,177.67463506785032,46.19540511764109,0.10521891888718095,0.38580270258633015,19.80487630805299,101.28005358994903
Chennai,13.0827,80.2707,Casuarina equisetifolia,Casuarina (Coastal she-oak),14,0.95,100,48.76749791155295,205.5514468556813,53.44337618247714,0.12172756682793445,0.4463344117024263,21.76661249055229,123.04666608050132
Chennai,13.0827,80.2707,Casuarina equisetifolia,Casuarina (Coastal she-oak),15,0.95,100,46.329123015975306,236.13640076325953,61.39546419844748,0.13983997653200228,0.5127465806173417,23.755099409441524,146.80176548994285
Chennai,13.0827,80.2707,Casuarina equisetifolia,Casuarina (Coastal she-oak),16,0.95,100,44.012666865176534,269.54923180211466,70.08280026854982,0.1596270550732123,0.5852992019351116,25.760578791223757,172.56234428116662
Chennai,13.0827,80.2707,Casuarina equisetifolia,Casuarina (Coastal she-oak),17,0.95,100,41.812033521917705,305.9092846680865,79.5364140137025,0.18115947838044083,0.664251420728283,27.77370267047243,200.33604695163905
Chennai,13.0827,80.2707,Casuarina equisetifolia,Casuarina (Coastal she-oak),18,0.95,100,39.72143184582182,345.33553183169147,89.78723827623979,0.2045077019507277,0.7498615738193349,29.7855753982654,230.12162234990444
Chennai,13.0827,80.2707,Casuarina equisetifolia,Casuarina (Coastal she-oak),19,0.95,100,37.73536025353073,387.94659007324066,100.86611341904258,0.22974197064137308,0.8423872256850347,31.787785434197076,261.9094077841015
Chennai,13.0827,80.2707,Casuarina equisetifolia,Casuarina (Coastal she-oak),20,0.95,100,35.848592240854195,433.8607356539361,112.8037912700234,0.25693232765426094,0.9420852013989567,33.772428241094204,295.6818360251957
Kolkata,22.5726,88.3639,Delonix regia,Gulmohar,0,0.8,100,100.0,0.0,0.0,0.0,0.0,0.0,0.0
Kolkata,22.5726,88.3639,Delonix regia,Gulmohar,1,0.8,100,80.0,0.11302707124299648,0.029387038523179084,6.69346315901025e-05,0.0002454269824970425,0.0196341585997634,0.0196341585997634
Kolkata,22.5726,88.3639,Delonix regia,Gulmohar,2,0.8,100,64.0,0.860197748749751,0.22365141467493527,0.0005094091068096025,0.0018678333916352088,0.11954133706465336,0.13917549566441675
Kolkata,22.5726,88.3639,Delonix regia,Gulmohar,3,0.8,100,51.20000000000001,2.819638994951311,0.7331061386873409,0.0016697902128101662,0.006122564113637275,0.31347528261822855,0.4526507782826453
Kolkata,22.5726,88.3639,Delonix regia,Gulmohar,4,0.8,100,40.96000000000001,6.5465747171608575,1.702109426461823,0.0038768815475026595,0.014215232340843084,0.5822559166809328,1.0349066949635781
Kolkata,22.5726,88.3639,Delonix regia,Gulmohar,5,0.8,100,32.76800000000001,12.582491538259115,3.27144779994737,0.007451351488957048,0.02732162212617584,0.8952749138305302,1.9301816087941082
Kolkata,22.5726,88.3639,Delonix regia,Gulmohar,6,0.8,100,26.214400000000005,21.45899286844006,5.579338145794416,0.012708015576690202,0.04659605711453074,1.2214876796231549,3.151669288417263
Kolkata,22.5726,88.3639,Delonix regia,Gulmohar,7,0.8,100,20.97152000000001,33.6999716460445,8.761992627971571,0.019957123208787553,0.07317611843222102,1.5346144312236925,4.686283719640955
Kolkata,22.5726,88.3639,Delonix regia,Gulmohar,8,0.8,100,16.777216000000006,49.82300940645442,12.953982445678148,0.029505186170502306,0.10818568262517511,1.8150545655100105,6.501338285150966
Kolkata,22.5726,88.3639,Delonix regia,Gulmohar,9,0.8,100,13.421772800000006,70.340352752816,18.28849171573216,0.04165555690021763,0.15273704196746465,2.0500018754313767,8.551340160582342
Kolkata,22.5726,88.3639,Delonix regia,Gulmohar,10,0.8,100,10.737418240000006,95.75963329708888,24.89750465724311,0.05670885483853603,0.20793246774129875,2.232657871813634,10.783998032395976
Kolkata,22.5726,88.3639,Delonix regia,Gulmohar,11,0.8,100,8.589934592000006,115.67794823989317,30.076266542372224,0.06850448094766473,0.251183096808104,2.157646372197619,12.941644404593596
Kolkata,22.5726,88.3639,Delonix regia,Gulmohar,12,0.8,100,6.871947673600006,138.1470799607773,35.9182407898021,0.0818107007527723,0.29997256942683176,2.0613958006165327,15.003040205210128
Kolkata,22.5726,88.3639,Delonix regia,Gulmohar,13,0.8,100,5.497558138880003,163.31465685936612,42.46181078343519,0.09671493979211661,0.35462144590442757,1.9495520161532807,16.95259222136341
Kolkata,22.5726,88.3639,Delonix regia,Gulmohar,14,0.8,100,4.3980465111040035,191.32768264842775,49.74519748859122,0.11330425366439892,0.41544893010279604,1.8271637175804931,18.779755938943904
Kolkata,22.5726,88.3639,Delonix regia,Gulmohar,15,0.8,100,3.518437208883203,222.33257356342608,57.80646912649078,0.13166535006426094,0.48277295023562344,1.6986063115513366,20.47836225049524
Kolkata,22.5726,88.3639,Delonix regia,Gulmohar,16,0.8,100,2.814749767106562,256.4751915099645,66.68354979259077,0.15188460841220097,0.5569102308447369,1.567562942569485,22.045925193064726
Kolkata,22.5726,88.3639,Delonix regia,Gulmohar,17,0.8,100,2.2517998136852504,293.9008737742023,76.4142271812926,0.1740480974490826,0.6381763573133028,1.437045402496427,23.482970595561152
Kolkata,22.5726,88.3639,Delonix regia,Gulmohar,18,0.8,100,1.8014398509482,334.7544597998185,87.03615954795282,0.19824159109345252,0.7268858340093258,1.309441108474118,24.79241170403527
Kolkata,22.5726,88.3639,Delonix regia,Gulmohar,19,0.8,100,1.4411518807585602,379.18031544168986,98.58688201483936,0.22455058280456874,0.8233521369500854,1.186575480692195,25.978987184727465
Kolkata,22.5726,88.3639,Delonix regia,Gulmohar,20,0.8,100,1.1529215046068484,427.3223550336885,111.10381230875902,0.2530602986509503,0.9278877617201511,1.0697817543486774,27.048768939076144
Kolkata,22.5726,88.3639,Delonix regia,Gulmohar,0,0.9,100,100.0,0.0,0.0,0.0,0.0,0.0,0.0
Kolkata,22.5726,88.3639,Delonix regia,Gulmohar,1,0.9,100,90.0,0.11302707124299648,0.029387038523179084,6.69346315901025e-05,0.0002454269824970425,0.022088428424733828,0.022088428424733828
Kolkata,22.5726,88.3639,Delonix regia,Gulmohar,2,0.9,100,81.0,0.860197748749751,0.22365141467493527,0.0005094091068096025,0.0018678333916352088,0.1512945047224519,0.17338293314718572
Kolkata,22.5726,88.3639,Delonix regia,Gulmohar,3,0.9,100,72.9,2.819638994951311,0.7331061386873409,0.0016697902128101662,0.006122564113637275,0.4463349238841574,0.6197178570313431
Kolkata,22.5726,88.3639,Delonix regia,Gulmohar,4,0.9,100,65.61,6.5465747171608575,1.702109426461823,0.0038768815475026595,0.014215232340843084,0.9326613938827147,1.5523792509140577
Kolkata,22.5726,88.3639,Delonix regia,Gulmohar,5,0.9,100,59.04900000000001,12.582491538259115,3.27144779994737,0.007451351488957048,0.02732162212617584,1.6133144649285573,3.165693715842615
Kolkata,22.5726,88.3639,Delonix regia,Gulmohar,6,0.9,100,53.14410000000001,21.45899286844006,5.579338145794416,0.012708015576690202,0.04659605711453074,2.476305518900334,5.641999234742949
Kolkata,22.5726,88.3639,Delonix regia,Gulmohar,7,0.9,100,47.82969000000001,33.6999716460445,8.761992627971571,0.019957123208787553,0.07317611843222102,3.499991060016418,9.141990294759367
Kolkata,22.5726,88.3639,Delonix regia,Gulmohar,8,0.9,100,43.046721000000005,49.82300940645442,12.953982445678148,0.029505186170502306,0.10818568262517511,4.657038896160461,13.799029190919828
Kolkata,22.5726,88.3639,Delonix regia,Gulmohar,9,0.9,100,38.74204890000001,70.340352752816,18.28849171573216,0.04165555690021763,0.15273704196746465,5.917345948744869,19.7163751396647
Kolkata,22.5726,88.3639,Delonix regia,Gulmohar,10,0.9,100,34.867844010000006,95.75963329708888,24.89750465724311,0.05670885483853603,0.20793246774129875,7.250156849817963,26.96653198948266
Kolkata,22.5726,88.3639,Delonix regia,Gulmohar,11,0.9,100,31.381059609000005,115.67794823989317,30.076266542372224,0.06850448094766473,0.251183096808104,7.882391733708332,34.84892372319099
Kolkata,22.5726,88.3639,Delonix regia,Gulmohar,12,0.9,100,28.242953648100013,138.1470799607773,35.9182407898021,0.0818107007527723,0.29997256942683176,8.472111374023472,43.32103509721446
Kolkata,22.5726,88.3639,Delonix regia,Gulmohar,13,0.9,100,25.418658283290007,163.31465685936612,42.46181078343519,0.09671493979211661,0.35462144590442757,9.014001353370857,52.33503645058532
Kolkata,22.5726,88.3639,Delonix regia,Gulmohar,14,0.9,100,22.876792454961006,191.32768264842775,49.74519748859122,0.11330425366439892,0.41544893010279604,9.504138949597266,61.83917540018258
Kolkata,22.5726,88.3639,Delonix regia,Gulmohar,15,0.9,100,20.58911320946491,222.33257356342608,57.80646912649078,0.13166535006426094,0.48277295023562344,9.93986692686862,71.7790423270512
Kolkata,22.5726,88.3639,Delonix regia,Gulmohar,16,0.9,100,18.53020188851842,256.4751915099645,66.68354979259077,0.15188460841220097,0.5569102308447369,10.319659011334373,82.09870133838558
Kolkata,22.5726,88.3639,Delonix regia,Gulmohar,17,0.9,100,16.677181699666576,293.9008737742023,76.4142271812926,0.1740480974490826,0.6381763573133028,10.642983067345291,92.74168440573087
Kolkata,22.5726,88.3639,Delonix regia,Gulmohar,18,0.9,100,15.009463529699918,334.7544597998185,87.03615954795282,0.19824159109345252,0.7268858340093258,10.910166415818484,103.65185082154935
Kolkata,22.5726,88.3639,Delonix regia,Gulmohar,19,0.9,100,13.508517176729926,379.18031544168986,98.58688201483936,0.22455058280456874,0.8233521369500854,11.122266484487518,114.77411730603686
Kolkata,22.5726,88.3639,Delonix regia,Gulmohar,20,0.9,100,12.157665459056934,427.3223550336885,111.10381230875902,0.2530602986509503,0.9278877617201511,11.280948990546731,126.05506629658359
Kolkata,22.5726,88.3639,Delonix regia,Gulmohar,0,0.95,100,100.0,0.0,0.0,0.0,0.0,0.0,0.0
Kolkata,22.5726,88.3639,Delonix regia,Gulmohar,1,0.95,100,95.0,0.11302707124299648,0.029387038523179084,6.69346315901025e-05,0.0002454269824970425,0.02331556333721904,0.02331556333721904
Kolkata,22.5726,88.3639,Delonix regia,Gulmohar,2,0.95,100,90.24999999999999,0.860197748749751,0.22365141467493527,0.0005094091068096025,0.0018678333916352088,0.16857196359507756,0.1918875269322966
Kolkata,22.5726,88.3639,Delonix regia,Gulmohar,3,0.95,100,85.73749999999998,2.819638994951311,0.7331061386873409,0.0016697902128101662,0.006122564113637275,0.5249333406929758,0.7168208676252724
Kolkata,22.5726,88.3639,Delonix regia,Gulmohar,4,0.95,100,81.45062499999999,6.5465747171608575,1.702109426461823,0.0038768815475026595,0.014215232340843084,1.1578395586818822,1.8746604263071545
Kolkata,22.5726,88.3639,Delonix regia,Gulmohar,5,0.95,100,77.37809374999998,12.582491538259115,3.27144779994737,0.007451351488957048,0.02732162212617584,2.1140950382813077,3.988755464588462
Kolkata,22.5726,88.3639,Delonix regia,Gulmohar,6,0.95,100,73.50918906249998,21.45899286844006,5.579338145794416,0.012708015576690202,0.04659605711453074,3.4252383719990878,7.41399383658755
Kolkata,22.5726,88.3639,Delonix regia,Gulmohar,7,0.95,100,69.83372960937497,33.6999716460445,8.761992627971571,0.019957123208787553,0.07317611843222102,5.110161268459323,12.524155105046873
Kolkata,22.5726,88.3639,Delonix regia,Gulmohar,8,0.95,100,66.34204312890623,49.82300940645442,12.953982445678148,0.029505186170502306,0.10818568262517511,7.177259222649528,19.7014143276964
Kolkata,22.5726,88.3639,Delonix regia,Gulmohar,9,0.95,100,63.02494097246091,70.340352752816,18.28849171573216,0.04165555690021763,0.15273704196746465,9.626243054307745,29.327657382004148
Kolkata,22.5726,88.3639,Delonix regia,Gulmohar,10,0.95,100,59.873693923837855,95.75963329708888,24.89750465724311,0.05670885483853603,0.20793246774129875,12.44968493037081,41.777342312374955
Kolkata,22.5726,88.3639,Delonix regia,Gulmohar,11,0.95,100,56.880009227645964,115.67794823989317,30.076266542372224,0.06850448094766473,0.251183096808104,14.287296864273646,56.0646391766486
Kolkata,22.5726,88.3639,Delonix regia,Gulmohar,12,0.95,100,54.03600876626366,138.1470799607773,35.9182407898021,0.0818107007527723,0.29997256942683176,16.209320391186917,72.27395956783552
Kolkata,22.5726,88.3639,Delonix regia,Gulmohar,13,0.95,100,51.33420832795048,163.31465685936612,42.46181078343519,0.09671493979211661,0.35462144590442757,18.204211181616905,90.47817074945243
Kolkata,22.5726,88.3639,Delonix regia,Gulmohar,14,0.95,100,48.76749791155295,191.32768264842775,49.74519748859122,0.11330425366439892,0.41544893010279604,20.260404831145014,110.73857558059744
Kolkata,22.5726,88.3639,Delonix regia,Gulmohar,15,0.95,100,46.329123015975306,222.33257356342608,57.80646912649078,0.13166535006426094,0.48277295023562344,22.366447400251523,133.10502298084896
Kolkata,22.5726,88.3639,Delonix regia,Gulmohar,16,0.95,100,44.012666865176534,256.4751915099645,66.68354979259077,0.15188460841220097,0.5569102308447369,24.511104463977965,157.61612744482693
Kolkata,22.5726,88.3639,Delonix regia,Gulmohar,17,0.95,100,41.812033521917705,293.9008737742023,76.4142271812926,0.1740480974490826,0.6381763573133028,26.683451244879148,184.29957868970607
Kolkata,22.5726,88.3639,Delonix regia,Gulmohar,18,0.95,100,39.72143184582182,334.7544597998185,87.03615954795282,0.19824159109345252,0.7268858340093258,28.872946115294788,213.17252480500085
Kolkata,22.5726,88.3639,Delonix regia,Gulmohar,19,0.95,100,37.73536025353073,379.18031544168986,98.58688201483936,0.22455058280456874,0.8233521369500854,31.06948950332584,244.2420143083267
Kolkata,22.5726,88.3639,Delonix regia,Gulmohar,20,0.95,100,35.848592240854195,427.3223550336885,111.10381230875902,0.2530602986509503,0.9278877617201511,33.26347001518457,277.50548432351127
Mumbai,19.076,72.8777,Mangifera indica,Mango,0,0.8,100,100.0,0.0,0.0,0.0,0.0,0.0,0.0
Mumbai,19.076,72.8777,Mangifera indica,Mango,1,0.8,100,80.0,0.07883745756572018,0.02128611354274445,4.705807842097837e-05,0.00017254628754358737,0.013803703003486989,0.013803703003486989
Mumbai,19.076,72.8777,Mangifera indica,Mango,2,0.8,100,64.0,0.5999961139344183,0.16199895076229295,0.0003581376804074543,0.0013131714948273325,0.08404297566894928,0.09784667867243627
Mumbai,19.076,72.8777,Mangifera indica,Mango,3,0.8,100,51.20000000000001,1.9667250258764701,0.5310157569866469,0.001173938167945665,0.004304439949134105,0.22038732539566622,0.3182340040681025
Mumbai,19.076,72.8777,Mangifera indica,Mango,4,0.8,100,40.96000000000001,4.566298151310948,1.2329005008539562,0.002725623366517505,0.009993952343897518,0.40935228800604245,0.7275862920741449
Mumbai,19.076,72.8777,Mangifera indica,Mango,5,0.8,100,32.76800000000001,8.776407561564612,2.3696300416224454,0.005238637673497917,0.01920833813615903,0.6294188240456593,1.3570051161198042
Mumbai,19.076,72.8777,Mangifera indica,Mango,6,0.8,100,26.214400000000005,14.967851693083334,4.041319957132501,0.008934310675601442,0.032759139143871956,0.8587611771731172,2.2157662932929214
Mumbai,19.076,72.8777,Mangifera indica,Mango,7,0.8,100,20.97152000000001,23.506050854835653,6.346633730805626,0.0140307617552514,0.0514461264359218,1.0789034694734632,3.2946697627663846
Mumbai,19.076,72.8777,Mangifera indica,Mango,8,0.8,100,16.777216000000006,34.7520230921777,9.38304623488798,0.02074348258372087,0.07605943614030986,1.2760655889641852,4.57073535173057
Mumbai,19.076,72.8777,Mangifera indica,Mango,9,0.8,100,13.421772800000006,49.063065284473026,13.247027626807718,0.02928574366830195,0.10738106011710716,1.4412441919149543,6.011979543645524
Mumbai,19.076,72.8777,Mangifera indica,Mango,10,0.8,100,10.737418240000006,66.79325531082412,18.034178933922515,0.039868894095030916,0.14618594501511334,1.5696596324369159,7.58163917608244
Mumbai,19.076,72.8777,Mangifera indica,Mango,11,0.8,100,8.589934592000006,79.84519852305863,21.55820360122583,0.04765959899841369,0.17475186299418352,1.5011070729501828,9.082746249032622
Mumbai,19.076,72.8777,Mangifera indica,Mango,12,0.8,100,6.871947673600006,94.47265234464241,25.507616133053453,0.05639072618451705,0.20676599600989584,1.4208851052597917,10.503631354292414
Mumbai,19.076,72.8777,Mangifera indica,Mango,13,0.8,100,5.497558138880003,110.76181798521213,29.90569085600728,0.06611372915537313,0.24241700690303478,1.3327015893027088,11.836332943595123
Mumbai,19.076,72.8777,Mangifera indica,Mango,14,0.8,100,4.3980465111040035,128.7985509129823,34.77560874650523,0.07687985503995913,0.2818928018131835,1.239777653519804,13.076110597114926
Mumbai,19.076,72.8777,Mangifera indica,Mango,15,0.8,100,3.518437208883203,148.6683804214284,40.140462713785666,0.08874015627355061,0.3253805730030189,1.1448311151015593,14.220941712216487
Mumbai,19.076,72.8777,Mangifera indica,Mango,16,0.8,100,2.814749767106562,170.4565271621278,46.02326233377451,0.10174550106307408,0.3730668372312716,1.0500897932119035,15.27103150542839
Mumbai,19.076,72.8777,Mangifera indica,Mango,17,0.8,100,2.2517998136852504,194.2479189423302,52.44693811442915,0.11594658281667689,0.42513747032781524,0.957324476474793,16.22835598190318
Mumbai,19.076,72.8777,Mangifera indica,Mango,18,0.8,100,1.8014398509482,220.1272050303647,59.43434535819848,0.1313939286826247,0.4817777385029572,0.867893617438928,17.09624959934211
Mumbai,19.076,72.8777,Mangifera indica,Mango,19,0.8,100,1.4411518807585602,248.1787691687997,67.00826767557592,0.14813790731685655,0.543172326828474,0.7827938203848587,17.87904341972697
Mumbai,19.076,72.8777,Mangifera indica,Mango,20,0.8,100,1.1529215046068484,278.4867414612426,75.19142019453551,0.16622873597821572,0.6095053652534577,0.7027118427739631,18.58175526250093
Mumbai,19.076,72.8777,Mangifera indica,Mango,0,0.9,100,100.0,0.0,0.0,0.0,0.0,0.0,0.0
Mumbai,19.076,72.8777,Mangifera indica,Mango,1,0.9,100,90.0,0.07883745756572018,0.02128611354274445,4.705807842097837e-05,0.00017254628754358737,0.015529165878922863,0.015529165878922863
Mumbai,19.076,72.8777,Mangifera indica,Mango,2,0.9,100,81.0,0.5999961139344183,0.16199895076229295,0.0003581376804074543,0.0013131714948273325,0.10636689108101392,0.12189605695993679
Mumbai,19.076,72.8777,Mangifera indica,Mango,3,0.9,100,72.9,1.9667250258764701,0.5310157569866469,0.001173938167945665,0.004304439949134105,0.31379367229187627,0.43568972925181304
Mumbai,19.076,72.8777,Mangifera indica,Mango,4,0.9,100,65.61,4.566298151310948,1.2329005008539562,0.002725623366517505,0.009993952343897518,0.6557032132831162,1.0913929425349291
Mumbai,19.076,72.8777,Mangifera indica,Mango,5,0.9,100,59.04900000000001,8.776407561564612,2.3696300416224454,0.005238637673497917,0.01920833813615903,1.1342331586020546,2.225626101136984
Mumbai,19.076,72.8777,Mangifera indica,Mango,6,0.9,100,53.14410000000001,14.967851693083334,4.041319957132501,0.008934310675601442,0.032759139143871956,1.740954966575846,3.9665810677128297
Mumbai,19.076,72.8777,Mangifera indica,Mango,7,0.9,100,47.82969000000001,23.506050854835653,6.346633730805626,0.0140307617552514,0.0514461264359218,2.460652279130945,6.427233346843774
Mumbai,19.076,72.8777,Mangifera indica,Mango,8,0.9,100,43.046721000000005,34.7520230921777,9.38304623488798,0.02074348258372087,0.07605943614030986,3.2741093269492354,9.70134267379301
Mumbai,19.076,72.8777,Mangifera indica,Mango,9,0.9,100,38.74204890000001,49.063065284473026,13.247027626807718,0.02928574366830195,0.10738106011710716,4.160162281990806,13.861504955783815
Mumbai,19.076,72.8777,Mangifera indica,Mango,10,0.9,100,34.867844010000006,66.79325531082412,18.034178933922515,0.039868894095030916,0.14618594501511334,5.09718872724141,18.958693683025224
Mumbai,19.076,72.8777,Mangifera indica,Mango,11,0.9,100,31.381059609000005,79.84519852305863,21.55820360122583,0.04765959899841369,0.17475186299418352,5.483898629404275,24.4425923124295
Mumbai,19.076,72.8777,Mangifera indica,Mango,12,0.9,100,28.242953648100013,94.47265234464241,25.507616133053453,0.05639072618451705,0.20676599600989584,5.83968244131072,30.28227475374022
Mumbai,19.076,72.8777,Mangifera indica,Mango,13,0.9,100,25.418658283290007,110.76181798521213,29.90569085600728,0.06611372915537313,0.24241700690303478,6.161915060526196,36.444189814266416
Mumbai,19.076,72.8777,Mangifera indica,Mango,14,0.9,100,22.876792454961006,128.7985509129823,34.77560874650523,0.07687985503995913,0.2818928018131835,6.4488031216276545,42.89299293589407
Mumbai,19.076,72.8777,Mangifera indica,Mango,15,0.9,100,20.58911320946491,148.6683804214284,40.140462713785666,0.08874015627355061,0.3253805730030189,6.699297453719718,49.59229038961379
Mumbai,19.076,72.8777,Mangifera indica,Mango,16,0.9,100,18.53020188851842,170.4565271621278,46.02326233377451,0.10174550106307408,0.3730668372312716,6.913003811806503,56.50529420142029
Mumbai,19.076,72.8777,Mangifera indica,Mango,17,0.9,100,16.677181699666576,194.2479189423302,52.44693811442915,0.11594658281667689,0.42513747032781524,7.090094839993582,63.595389041413874
Mumbai,19.076,72.8777,Mangifera indica,Mango,18,0.9,100,15.009463529699918,220.1272050303647,59.43434535819848,0.1313939286826247,0.4817777385029572,7.23122539548144,70.82661443689531
Mumbai,19.076,72.8777,Mangifera indica,Mango,19,0.9,100,13.508517176729926,248.1787691687997,67.00826767557592,0.14813790731685655,0.543172326828474,7.337452706886803,78.16406714378212
Mumbai,19.076,72.8777,Mangifera indica,Mango,20,0.9,100,12.157665459056934,278.4867414612426,75.19142019453551,0.16622873597821572,0.6095053652534577,7.410162326251843,85.57422947003397
Mumbai,19.076,72.8777,Mangifera indica,Mango,0,0.95,100,100.0,0.0,0.0,0.0,0.0,0.0,0.0
Mumbai,19.076,72.8777,Mangifera indica,Mango,1,0.95,100,95.0,0.07883745756572018,0.02128611354274445,4.705807842097837e-05,0.00017254628754358737,0.0163918973166408,0.0163918973166408
Mumbai,19.076,72.8777,Mangifera indica,Mango,2,0.95,100,90.24999999999999,0.5999961139344183,0.16199895076229295,0.0003581376804074543,0.0013131714948273325,0.11851372740816674,0.13490562472480755
Mumbai,19.076,72.8777,Mangifera indica,Mango,3,0.95,100,85.73749999999998,1.9667250258764701,0.5310157569866469,0.001173938167945665,0.004304439949134105,0.3690519201388852,0.5039575448636928
Mumbai,19.076,72.8777,Mangifera indica,Mango,4,0.95,100,81.45062499999999,4.566298151310948,1.2329005008539562,0.002725623366517505,0.009993952343897518,0.8140136646306677,1.3179712094943605
Mumbai,19.076,72.8777,Mangifera indica,Mango,5,0.95,100,77.37809374999998,8.776407561564612,2.3696300416224454,0.005238637673497917,0.01920833813615903,1.4863045890814133,2.804275798575774
Mumbai,19.076,72.8777,Mangifera indica,Mango,6,0.95,100,73.50918906249998,14.967851693083334,4.041319957132501,0.008934310675601442,0.032759139143871956,2.4080977528516274,5.212373551427401
Mumbai,19.076,72.8777,Mangifera indica,Mango,7,0.95,100,69.83372960937497,23.506050854835653,6.346633730805626,0.0140307617552514,0.0514461264359218,3.5926748829758806,8.805048434403282
Mumbai,19.076,72.8777,Mangifera indica,Mango,8,0.95,100,66.34204312890623,34.7520230921777,9.38304623488798,0.02074348258372087,0.07605943614030986,5.045938392780726,13.850986827184009
Mumbai,19.076,72.8777,Mangifera indica,Mango,9,0.95,100,63.02494097246091,49.063065284473026,13.247027626807718,0.02928574366830195,0.10738106011710716,6.767684975440955,20.618671802624963
Mumbai,19.076,72.8777,Mangifera indica,Mango,10,0.95,100,59.873693923837855,66.79325531082412,18.034178933922515,0.039868894095030916,0.14618594501511334,8.752692527801887,29.37136433042685
Mumbai,19.076,72.8777,Mangifera indica,Mango,11,0.95,100,56.880009227645964,79.84519852305863,21.55820360122583,0.04765959899841369,0.17475186299418352,9.939887579657482,39.31125191008433
Mumbai,19.076,72.8777,Mangifera indica,Mango,12,0.95,100,54.03600876626366,94.47265234464241,25.507616133053453,0.05639072618451705,0.20676599600989584,11.172809172955969,50.4840610830403
Mumbai,19.076,72.8777,Mangifera indica,Mango,13,0.95,100,51.33420832795048,110.76181798521213,29.90569085600728,0.06611372915537313,0.24241700690303478,12.444285134598596,62.9283462176389
Mumbai,19.076,72.8777,Mangifera indica,Mango,14,0.95,100,48.76749791155295,128.7985509129823,34.77560874650523,0.07687985503995913,0.2818928018131835,13.747206623706235,76.67555284134514
Mumbai,19.076,72.8777,Mangifera indica,Mango,15,0.95,100,46.329123015975306,148.6683804214284,40.140462713785666,0.08874015627355061,0.3253805730030189,15.074596593665397,91.75014943501054
Mumbai,19.076,72.8777,Mangifera indica,Mango,16,0.95,100,44.012666865176534,170.4565271621278,46.02326233377451,0.10174550106307408,0.3730668372312716,16.419666425504996,108.16981586051554
Mumbai,19.076,72.8777,Mangifera indica,Mango,17,0.95,100,41.812033521917705,194.2479189423302,52.44693811442915,0.11594658281667689,0.42513747032781524,17.775862160769904,125.94567802128545
Mumbai,19.076,72.8777,Mangifera indica,Mango,18,0.95,100,39.72143184582182,220.1272050303647,59.43434535819848,0.1313939286826247,0.4817777385029572,19.13690160477938,145.0825796260648
Mumbai,19.076,72.8777,Mangifera indica,Mango,19,0.95,100,37.73536025353073,248.1787691687997,67.00826767557592,0.14813790731685655,0.543172326828474,20.496803432621004,165.5793830586858
Mumbai,19.076,72.8777,Mangifera indica,Mango,20,0.95,100,35.848592240854195,278.4867414612426,75.19142019453551,0.16622873597821572,0.6095053652534577,21.849909307584106,187.42929236626992
Chennai,13.0827,80.2707,Polyalthia longifolia,Ashoka (False ashoka),0,0.8,100,100.0,0.0,0.0,0.0,0.0,0.0,0.0
Chennai,13.0827,80.2707,Polyalthia longifolia,Ashoka (False ashoka),1,0.8,100,80.0,0.05264936845939566,0.013162342114848916,3.093150396989495e-05,0.00011341551455628148,0.009073241164502518,0.009073241164502518
Chennai,13.0827,80.2707,Polyalthia longifolia,Ashoka (False ashoka),2,0.8,100,64.0,0.4006904516220006,0.10017261290550016,0.0002354056403279253,0.0008631540145357261,0.05524185693028647,0.064315098094789
Chennai,13.0827,80.2707,Polyalthia longifolia,Ashoka (False ashoka),3,0.8,100,51.20000000000001,1.313421738129574,0.3283554345323935,0.0007716352711511248,0.0028293293275541242,0.14486166157077118,0.20917675966556018
Chennai,13.0827,80.2707,Polyalthia longifolia,Ashoka (False ashoka),4,0.8,100,40.96000000000001,3.049473198237214,0.7623682995593035,0.0017915655039643633,0.006569073514535998,0.26906925115539454,0.47824601082095475
Chennai,13.0827,80.2707,Polyalthia longifolia,Ashoka (False ashoka),5,0.8,100,32.76800000000001,5.861075809978402,1.4652689524946005,0.003443382038362311,0.012625734140661806,0.4137200563212062,0.891966067142161
Chennai,13.0827,80.2707,Polyalthia longifolia,Ashoka (False ashoka),6,0.8,100,26.214400000000005,9.995856832113136,2.498964208028284,0.005872565888866466,0.021532741592510375,0.5644679012027041,1.456433968344865
Chennai,13.0827,80.2707,Polyalthia longifolia,Ashoka (False ashoka),7,0.8,100,20.97152000000001,15.697851892926261,3.9244629732315652,0.009222487987094179,0.033815789286011984,0.7091685013273863,2.165602469672251
Chennai,13.0827,80.2707,Polyalthia longifolia,Ashoka (False ashoka),8,0.8,100,16.777216000000006,23.20815669333636,5.80203917333409,0.013634792057335112,0.049994237543562074,0.8387641220236507,3.0043665916959017
Chennai,13.0827,80.2707,Polyalthia longifolia,Ashoka (False ashoka),9,0.8,100,13.421772800000006,32.765381858696514,8.191345464674129,0.0192496618419842,0.07058209342060873,0.9473368216397856,3.951703413335687
Chennai,13.0827,80.2707,Polyalthia longifolia,Ashoka (False ashoka),10,0.8,100,10.737418240000006,44.605988295989256,11.151497073997314,0.026206018123893685,0.0960887331209435,1.0317449156713114,4.983448329006999
Chennai,13.0827,80.2707,Polyalthia longifolia,Ashoka (False ashoka),11,0.8,100,8.589934592000006,54.04851941917186,13.512129854792965,0.03175350515876347,0.11642951891546605,1.0001219520618807,5.98357028106888
Chennai,13.0827,80.2707,Polyalthia longifolia,Ashoka (False ashoka),12,0.8,100,6.871947673600006,64.71999243707356,16.17999810926839,0.03802299555678071,0.1394176503748626,0.9580707981523159,6.9416410792211956
Chennai,13.0827,80.2707,Polyalthia longifolia,Ashoka (False ashoka),13,0.8,100,5.497558138880003,76.69260327107486,19.173150817768715,0.04505690442175648,0.1652086495464404,0.9082441559274076,7.849885235148603
Chennai,13.0827,80.2707,Polyalthia longifolia,Ashoka (False ashoka),14,0.8,100,4.3980465111040035,90.0382380733961,22.509559518349025,0.052897464868120206,0.1939573711831074,0.8530335396347697,8.702918774783374
Chennai,13.0827,80.2707,Polyalthia longifolia,Ashoka (False ashoka),15,0.8,100,3.518437208883203,104.82849191935917,26.20712297983979,0.0615867390026235,0.2258180430096195,0.7945266049622327,9.497445379745606
Chennai,13.0827,80.2707,Polyalthia longifolia,Ashoka (False ashoka),16,0.8,100,2.814749767106562,121.13468543409743,30.28367135852436,0.07116662769253225,0.2609443015392849,0.7344929119854867,10.231938291731094
Chennai,13.0827,80.2707,Polyalthia longifolia,Ashoka (False ashoka),17,0.8,100,2.2517998136852504,139.02787967521672,34.75696991880418,0.08167887930918982,0.299489224133696,0.6743897791049969,10.906328070836091
Chennai,13.0827,80.2707,Polyalthia longifolia,Ashoka (False ashoka),18,0.8,100,1.8014398509482,158.57888952973565,39.64472238243391,0.09316509759871969,0.34160535786197216,0.6153815049499776,11.521709575786069
Chennai,13.0827,80.2707,Polyalthia longifolia,Ashoka (False ashoka),19,0.8,100,1.4411518807585602,179.85829583521993,44.96457395880498,0.10566674880319171,0.38744474561170295,0.5583667238283276,12.080076299614397
Chennai,13.0827,80.2707,Polyalthia longifolia,Ashoka (False ashoka),20,0.8,100,1.1529215046068484,202.93645639742007,50.73411409935502,0.11922516813348429,0.4371589498227757,0.5040099541820243,12.584086253796421
Chennai,13.0827,80.2707,Polyalthia longifolia,Ashoka (False ashoka),0,0.9,100,100.0,0.0,0.0,0.0,0.0,0.0,0.0
Chennai,13.0827,80.2707,Polyalthia longifolia,Ashoka (False ashoka),1,0.9,100,90.0,0.05264936845939566,0.013162342114848916,3.093150396989495e-05,0.00011341551455628148,0.010207396310065333,0.010207396310065333
Chennai,13.0827,80.2707,Polyalthia longifolia,Ashoka (False ashoka),2,0.9,100,81.0,0.4006904516220006,0.10017261290550016,0.0002354056403279253,0.0008631540145357261,0.06991547517739381,0.08012287148745914
Chennai,13.0827,80.2707,Polyalthia longifolia,Ashoka (False ashoka),3,0.9,100,72.9,1.313421738129574,0.3283554345323935,0.0007716352711511248,0.0028293293275541242,0.20625810797869568,0.2863809794661548
Chennai,13.0827,80.2707,Polyalthia longifolia,Ashoka (False ashoka),4,0.9,100,65.61,3.049473198237214,0.7623682995593035,0.0017915655039643633,0.006569073514535998,0.4309969132887068,0.7173778927548616
Chennai,13.0827,80.2707,Polyalthia longifolia,Ashoka (False ashoka),5,0.9,100,59.04900000000001,5.861075809978402,1.4652689524946005,0.003443382038362311,0.012625734140661806,0.7455369752719391,1.4629148680268007
Chennai,13.0827,80.2707,Polyalthia longifolia,Ashoka (False ashoka),6,0.9,100,53.14410000000001,9.995856832113136,2.498964208028284,0.005872565888866466,0.021532741592510375,1.144338172466531,2.6072530404933314
Chennai,13.0827,80.2707,Polyalthia longifolia,Ashoka (False ashoka),7,0.9,100,47.82969000000001,15.697851892926261,3.9244629732315652,0.009222487987094179,0.033815789286011984,1.6173987186552747,4.224651759148606
Chennai,13.0827,80.2707,Polyalthia longifolia,Ashoka (False ashoka),8,0.9,100,43.046721000000005,23.20815669333636,5.80203917333409,0.013634792057335112,0.049994237543562074,2.1520879951454424,6.376739754294048
Chennai,13.0827,80.2707,Polyalthia longifolia,Ashoka (False ashoka),9,0.9,100,38.74204890000001,32.765381858696514,8.191345464674129,0.0192496618419842,0.07058209342060873,2.734494914765592,9.111234669059641
Chennai,13.0827,80.2707,Polyalthia longifolia,Ashoka (False ashoka),10,0.9,100,34.867844010000006,44.605988295989256,11.151497073997314,0.026206018123893685,0.0960887331209435,3.350406957579579,12.46164162663922
Chennai,13.0827,80.2707,Polyalthia longifolia,Ashoka (False ashoka),11,0.9,100,31.381059609000005,54.04851941917186,13.512129854792965,0.03175350515876347,0.11642951891546605,3.6536816733334336,16.115323299972655
Chennai,13.0827,80.2707,Polyalthia longifolia,Ashoka (False ashoka),12,0.9,100,28.242953648100013,64.71999243707356,16.17999810926839,0.03802299555678071,0.1394176503748626,3.9375662372642575,20.05288953723691
Chennai,13.0827,80.2707,Polyalthia longifolia,Ashoka (False ashoka),13,0.9,100,25.418658283290007,76.69260327107486,19.173150817768715,0.04505690442175648,0.1652086495464404,4.199382208264783,24.252271745501695
Chennai,13.0827,80.2707,Polyalthia longifolia,Ashoka (False ashoka),14,0.9,100,22.876792454961006,90.0382380733961,22.509559518349025,0.052897464868120206,0.1939573711831074,4.4371225256657825,28.689394271167476
Chennai,13.0827,80.2707,Polyalthia longifolia,Ashoka (False ashoka),15,0.9,100,20.58911320946491,104.82849191935917,26.20712297983979,0.0615867390026235,0.2258180430096195,4.649393252264872,33.338787523432345
Chennai,13.0827,80.2707,Polyalthia longifolia,Ashoka (False ashoka),16,0.9,100,18.53020188851842,121.13468543409743,30.28367135852436,0.07116662769253225,0.2609443015392849,4.835350589181377,38.17413811261372
Chennai,13.0827,80.2707,Polyalthia longifolia,Ashoka (False ashoka),17,0.9,100,16.677181699666576,139.02787967521672,34.75696991880418,0.08167887930918982,0.299489224133696,4.994636207969816,43.16877432058354
Chennai,13.0827,80.2707,Polyalthia longifolia,Ashoka (False ashoka),18,0.9,100,15.009463529699918,158.57888952973565,39.64472238243391,0.09316509759871969,0.34160535786197216,5.1273131603793605,48.296087480962896
Chennai,13.0827,80.2707,Polyalthia longifolia,Ashoka (False ashoka),19,0.9,100,13.508517176729926,179.85829583521993,44.96457395880498,0.10566674880319171,0.38744474561170295,5.233804001129446,53.52989148209234
Chennai,13.0827,80.2707,Polyalthia longifolia,Ashoka (False ashoka),20,0.9,100,12.157665459056934,202.93645639742007,50.73411409935502,0.11922516813348429,0.4371589498227757,5.314832264377964,58.8447237464703
Chennai,13.0827,80.2707,Polyalthia longifolia,Ashoka (False ashoka),0,0.95,100,100.0,0.0,0.0,0.0,0.0,0.0,0.0
Chennai,13.0827,80.2707,Polyalthia longifolia,Ashoka (False ashoka),1,0.95,100,95.0,0.05264936845939566,0.013162342114848916,3.093150396989495e-05,0.00011341551455628148,0.01077447388284674,0.01077447388284674
Chennai,13.0827,80.2707,Polyalthia longifolia,Ashoka (False ashoka),2,0.95,100,90.24999999999999,0.4006904516220006,0.10017261290550016,0.0002354056403279253,0.0008631540145357261,0.07789964981184927,0.08867412369469602
Chennai,13.0827,80.2707,Polyalthia longifolia,Ashoka (False ashoka),3,0.95,100,85.73749999999998,1.313421738129574,0.3283554345323935,0.0007716352711511248,0.0028293293275541242,0.2425796232211717,0.33125374691586773
Chennai,13.0827,80.2707,Polyalthia longifolia,Ashoka (False ashoka),4,0.95,100,81.45062499999999,3.049473198237214,0.7623682995593035,0.0017915655039643633,0.006569073514535998,0.5350551434299036,0.8663088903457713
Chennai,13.0827,80.2707,Polyalthia longifolia,Ashoka (False ashoka),5,0.95,100,77.37809374999998,5.861075809978402,1.4652689524946005,0.003443382038362311,0.012625734140661806,0.9769552399987046,1.843264130344476
Chennai,13.0827,80.2707,Polyalthia longifolia,Ashoka (False ashoka),6,0.95,100,73.50918906249998,9.995856832113136,2.498964208028284,0.005872565888866466,0.021532741592510375,1.5828543727578022,3.426118503102278
Chennai,13.0827,80.2707,Polyalthia longifolia,Ashoka (False ashoka),7,0.95,100,69.83372960937497,15.697851892926261,3.9244629732315652,0.009222487987094179,0.033815789286011984,2.36148268552696,5.787601188629238
Chennai,13.0827,80.2707,Polyalthia longifolia,Ashoka (False ashoka),8,0.95,100,66.34204312890623,23.20815669333636,5.80203917333409,0.013634792057335112,0.049994237543562074,3.316719863311778,9.104321051941016
Chennai,13.0827,80.2707,Polyalthia longifolia,Ashoka (False ashoka),9,0.95,100,63.02494097246091,32.765381858696514,8.191345464674129,0.0192496618419842,0.07058209342060873,4.4484322715465865,13.552753323487602
Chennai,13.0827,80.2707,Polyalthia longifolia,Ashoka (False ashoka),10,0.95,100,59.873693923837855,44.605988295989256,11.151497073997314,0.026206018123893685,0.0960887331209435,5.753187396412712,19.305940719900313
Chennai,13.0827,80.2707,Polyalthia longifolia,Ashoka (False ashoka),11,0.95,100,56.880009227645964,54.04851941917186,13.512129854792965,0.03175350515876347,0.11642951891546605,6.622512110282089,25.9284528301824
Chennai,13.0827,80.2707,Polyalthia longifolia,Ashoka (False ashoka),12,0.95,100,54.03600876626366,64.71999243707356,16.17999810926839,0.03802299555678071,0.1394176503748626,7.533573377827957,33.46202620801036
Chennai,13.0827,80.2707,Polyalthia longifolia,Ashoka (False ashoka),13,0.95,100,51.33420832795048,76.69260327107486,19.173150817768715,0.04505690442175648,0.1652086495464404,8.480855233396333,41.94288144140669
Chennai,13.0827,80.2707,Polyalthia longifolia,Ashoka (False ashoka),14,0.95,100,48.76749791155295,90.0382380733961,22.509559518349025,0.052897464868120206,0.1939573711831074,9.45881569410249,51.40169713550918
Chennai,13.0827,80.2707,Polyalthia longifolia,Ashoka (False ashoka),15,0.95,100,46.329123015975306,104.82849191935917,26.20712297983979,0.0615867390026235,0.2258180430096195,10.461951893819464,61.86364902932864
Chennai,13.0827,80.2707,Polyalthia longifolia,Ashoka (False ashoka),16,0.95,100,44.012666865176534,121.13468543409743,30.28367135852436,0.07116662769253225,0.2609443015392849,11.484854614014719,73.34850364334336
Chennai,13.0827,80.2707,Polyalthia longifolia,Ashoka (False ashoka),17,0.95,100,41.812033521917705,139.02787967521672,34.75696991880418,0.08167887930918982,0.299489224133696,12.522253478931223,85.87075712227458
Chennai,13.0827,80.2707,Polyalthia longifolia,Ashoka (False ashoka),18,0.95,100,39.72143184582182,158.57888952973565,39.64472238243391,0.09316509759871969,0.34160535786197216,13.569053940481899,99.43981106275648
Chennai,13.0827,80.2707,Polyalthia longifolia,Ashoka (False ashoka),19,0.95,100,37.73536025353073,179.85829583521993,44.96457395880498,0.10566674880319171,0.38744474561170295,14.62036705399518,114.06017811675166
Chennai,13.0827,80.2707,Polyalthia longifolia,Ashoka (False ashoka),20,0.95,100,35.848592240854195,202.93645639742007,50.73411409935502,0.11922516813348429,0.4371589498227757,15.671532936636725,129.73171105338838
Kolkata,22.5726,88.3639,Samanea saman,Rain tree,0,0.8,100,100.0,0.0,0.0,0.0,0.0,0.0,0.0
Kolkata,22.5726,88.3639,Samanea saman,Rain tree,1,0.8,100,80.0,0.25994603112100195,0.07018542840267053,0.00015516178597612608,0.0005689265485791289,0.04551412388633032,0.04551412388633032
Kolkata,22.5726,88.3639,Samanea saman,Rain tree,2,0.8,100,64.0,1.9783312821225905,0.5341494461730995,0.0011808659422989742,0.004329841788429572,0.2771098744594926,0.3226239983458229
Kolkata,22.5726,88.3639,Samanea saman,Rain tree,3,0.8,100,51.20000000000001,6.484764737076383,1.7508864790106236,0.003870756071560893,0.01419277226238994,0.7266699398343651,1.049293938180188
Kolkata,22.5726,88.3639,Samanea saman,Rain tree,4,0.8,100,40.96000000000001,15.056181642577126,4.065169043495825,0.008987034822454287,0.032952461015665714,1.349732803201668,2.399026741381856
Kolkata,22.5726,88.3639,Samanea saman,Rain tree,5,0.8,100,32.76800000000001,28.937923463948152,7.813239335266002,0.017273046515630653,0.06333450389064572,2.0753450234886794,4.4743717648705355
Kolkata,22.5726,88.3639,Samanea saman,Rain tree,6,0.8,100,26.214400000000005,49.3526016967419,13.325202458120314,0.02945856795278524,0.10801474916021254,2.8315418403854764,7.305913605256012
Kolkata,22.5726,88.3639,Samanea saman,Rain tree,7,0.8,100,20.97152000000001,77.50509485861224,20.926375611825307,0.046262791121105644,0.1696302341107207,3.557403847257663,10.863317452513675
Kolkata,22.5726,88.3639,Samanea saman,Rain tree,8,0.8,100,16.777216000000006,114.58576614683959,30.938156859646693,0.06839624381304855,0.25078622731451133,4.207494705480658,15.070812157994332
Kolkata,22.5726,88.3639,Samanea saman,Rain tree,9,0.8,100,13.421772800000006,161.7727091807551,43.67863147880388,0.0965621301099927,0.3540611437366399,4.752128228541326,19.82294038653566
Kolkata,22.5726,88.3639,Samanea saman,Rain tree,10,0.8,100,10.737418240000006,220.23340376275746,59.46301901594452,0.1314573187059899,0.4820101685886296,5.175544776069029,24.998485162604688
Kolkata,22.5726,88.3639,Samanea saman,Rain tree,11,0.8,100,8.589934592000006,262.36681915229224,70.83904117111891,0.15660675435200325,0.5742247659573452,4.932553180680107,29.931038343284794
Kolkata,22.5726,88.3639,Samanea saman,Rain tree,12,0.8,100,6.871947673600006,309.4799553309808,83.55958793936482,0.1847285853370624,0.6773381462358955,4.654632298266303,34.5856706415511
Kolkata,22.5726,88.3639,Samanea saman,Rain tree,13,0.8,100,5.497558138880003,361.8396491533211,97.6967052713967,0.21598208657961734,0.7919343174585969,4.3537049524028895,38.93937559395398
Kolkata,22.5726,88.3639,Samanea saman,Rain tree,14,0.8,100,4.3980465111040035,419.7116888679398,113.32215599434376,0.2505259070852732,0.9185949926460018,4.040023502524356,42.97939909647834
Kolkata,22.5726,88.3639,Samanea saman,Rain tree,15,0.8,100,3.518437208883203,483.36087229226445,130.50743551891142,0.28851810467125266,1.0578997171279263,3.722153728009911,46.70155282448825
Kolkata,22.5726,88.3639,Samanea saman,Rain tree,16,0.8,100,2.814749767106562,527.3324202007907,142.3797534542135,0.314764721617852,1.1541373125987906,3.2486077318464393,49.950160556334694
Kolkata,22.5726,88.3639,Samanea saman,Rain tree,17,0.8,100,2.2517998136852504,573.1688823986065,154.75559824762377,0.34212450590372817,1.2544565216470032,2.824784961720969,52.77494551805566
Kolkata,22.5726,88.3639,Samanea saman,Rain tree,18,0.8,100,1.8014398509482,620.8664393069223,167.63393861286903,0.37059517762230193,1.358848984615107,2.447884712306151,55.22283023036181
Kolkata,22.5726,88.3639,Samanea saman,Rain tree,19,0.8,100,1.4411518807585602,670.4214352264462,181.0137875111405,0.40017455468666574,1.4673067005177742,2.114611811100828,57.33744204146264
Kolkata,22.5726,88.3639,Samanea saman,Rain tree,20,0.8,100,1.1529215046068484,721.8303651322701,194.89419858571296,0.430860544947452,1.5798219981406574,1.8214107551073244,59.15885279656996
Kolkata,22.5726,88.3639,Samanea saman,Rain tree,0,0.9,100,100.0,0.0,0.0,0.0,0.0,0.0,0.0
Kolkata,22.5726,88.3639,Samanea saman,Rain tree,1,0.9,100,90.0,0.25994603112100195,0.07018542840267053,0.00015516178597612608,0.0005689265485791289,0.051203389372121606,0.051203389372121606
Kolkata,22.5726,88.3639,Samanea saman,Rain tree,2,0.9,100,81.0,1.9783312821225905,0.5341494461730995,0.0011808659422989742,0.004329841788429572,0.3507171848627953,0.4019205742349169
Kolkata,22.5726,88.3639,Samanea saman,Rain tree,3,0.9,100,72.9,6.484764737076383,1.7508864790106236,0.003870756071560893,0.01419277226238994,1.0346530979282267,1.4365736721631435
Kolkata,22.5726,88.3639,Samanea saman,Rain tree,4,0.9,100,65.61,15.056181642577126,4.065169043495825,0.008987034822454287,0.032952461015665714,2.1620109672378276,3.598584639400971
Kolkata,22.5726,88.3639,Samanea saman,Rain tree,5,0.9,100,59.04900000000001,28.937923463948152,7.813239335266002,0.017273046515630653,0.06333450389064572,3.7398391202387398,7.338423759639711
Kolkata,22.5726,88.3639,Samanea saman,Rain tree,6,0.9,100,53.14410000000001,49.3526016967419,13.325202458120314,0.02945856795278524,0.10801474916021254,5.740346630845252,13.078770390484962
Kolkata,22.5726,88.3639,Samanea saman,Rain tree,7,0.9,100,47.82969000000001,77.50509485861224,20.926375611825307,0.046262791121105644,0.1696302341107207,8.113361512143198,21.192131902628162
Kolkata,22.5726,88.3639,Samanea saman,Rain tree,8,0.9,100,43.046721000000005,114.58576614683959,30.938156859646693,0.06839624381304855,0.25078622731451133,10.79552475785035,31.987656660478514
Kolkata,22.5726,88.3639,Samanea saman,Rain tree,9,0.9,100,38.74204890000001,161.7727091807551,43.67863147880388,0.0965621301099927,0.3540611437366399,13.717054144234833,45.70471080471334
Kolkata,22.5726,88.3639,Samanea saman,Rain tree,10,0.9,100,34.867844010000006,220.23340376275746,59.46301901594452,0.1314573187059899,0.4820101685886296,16.806655369582142,62.51136617429549
Kolkata,22.5726,88.3639,Samanea saman,Rain tree,11,0.9,100,31.381059609000005,262.36681915229224,70.83904117111891,0.15660675435200325,0.5742247659573452,18.019781609471526,80.53114778376701
Kolkata,22.5726,88.3639,Samanea saman,Rain tree,12,0.9,100,28.242953648100013,309.4799553309808,83.55958793936482,0.1847285853370624,0.6773381462358955,19.130029868230384,99.66117765199739
Kolkata,22.5726,88.3639,Samanea saman,Rain tree,13,0.9,100,25.418658283290007,361.8396491533211,97.6967052713967,0.21598208657961734,0.7919343174585969,20.12990779829058,119.79108545028797
Kolkata,22.5726,88.3639,Samanea saman,Rain tree,14,0.9,100,22.876792454961006,419.7116888679398,113.32215599434376,0.2505259070852732,0.9185949926460018,21.014506996929015,140.80559244721698
Kolkata,22.5726,88.3639,Samanea saman,Rain tree,15,0.9,100,20.58911320946491,483.36087229226445,130.50743551891142,0.28851810467125266,1.0578997171279263,21.78121704020778,162.58680948742477
Kolkata,22.5726,88.3639,Samanea saman,Rain tree,16,0.9,100,18.53020188851842,527.3324202007907,142.3797534542135,0.314764721617852,1.1541373125987906,21.38639740952768,183.97320689695246
Kolkata,22.5726,88.3639,Samanea saman,Rain tree,17,0.9,100,16.677181699666576,573.1688823986065,154.75559824762377,0.34212450590372817,1.2544565216470032,20.92079934583879,204.89400624279125
Kolkata,22.5726,88.3639,Samanea saman,Rain tree,18,0.9,100,15.009463529699918,620.8664393069223,167.63393861286903,0.37059517762230193,1.358848984615107,20.395594276950213,225.28960051974147
Kolkata,22.5726,88.3639,Samanea saman,Rain tree,19,0.9,100,13.508517176729926,670.4214352264462,181.0137875111405,0.40017455468666574,1.4673067005177742,19.821137767475268,245.11073828721675
Kolkata,22.5726,88.3639,Samanea saman,Rain tree,20,0.9,100,12.157665459056934,721.8303651322701,194.89419858571296,0.430860544947452,1.5798219981406574,19.206947338252977,264.3176856254697
Kolkata,22.5726,88.3639,Samanea saman,Rain tree,0,0.95,100,100.0,0.0,0.0,0.0,0.0,0.0,0.0
Kolkata,22.5726,88.3639,Samanea saman,Rain tree,1,0.95,100,95.0,0.25994603112100195,0.07018542840267053,0.00015516178597612608,0.0005689265485791289,0.05404802211501725,0.05404802211501725
Kolkata,22.5726,88.3639,Samanea saman,Rain tree,2,0.95,100,90.24999999999999,1.9783312821225905,0.5341494461730995,0.0011808659422989742,0.004329841788429572,0.3907682214057688,0.444816243520786
Kolkata,22.5726,88.3639,Samanea saman,Rain tree,3,0.95,100,85.73749999999998,6.484764737076383,1.7508864790106236,0.003870756071560893,0.01419277226238994,1.2168528118466573,1.6616690553674434
Kolkata,22.5726,88.3639,Samanea saman,Rain tree,4,0.95,100,81.45062499999999,15.056181642577126,4.065169043495825,0.008987034822454287,0.032952461015665714,2.6839985450141066,4.3456676003815495
Kolkata,22.5726,88.3639,Samanea saman,Rain tree,5,0.95,100,77.37809374999998,28.937923463948152,7.813239335266002,0.017273046515630653,0.06333450389064572,4.900703179660123,9.246370780041673
Kolkata,22.5726,88.3639,Samanea saman,Rain tree,6,0.95,100,73.50918906249998,49.3526016967419,13.325202458120314,0.02945856795278524,0.10801474916021254,7.940076617556575,17.186447397598247
Kolkata,22.5726,88.3639,Samanea saman,Rain tree,7,0.95,100,69.83372960937497,77.50509485861224,20.926375611825307,0.046262791121105644,0.1696302341107207,11.845911902463044,29.03235930006129
Kolkata,22.5726,88.3639,Samanea saman,Rain tree,8,0.95,100,66.34204312890623,114.58576614683959,30.938156859646693,0.06839624381304855,0.25078622731451133,16.637670708634992,45.67003000869629
Kolkata,22.5726,88.3639,Samanea saman,Rain tree,9,0.95,100,63.02494097246091,161.7727091807551,43.67863147880388,0.0965621301099927,0.3540611437366399,22.314682684643728,67.98471269334001
Kolkata,22.5726,88.3639,Samanea saman,Rain tree,10,0.95,100,59.873693923837855,220.23340376275746,59.46301901594452,0.1314573187059899,0.4820101685886296,28.859729302253093,96.84444199559312
Kolkata,22.5726,88.3639,Samanea saman,Rain tree,11,0.95,100,56.880009227645964,262.36681915229224,70.83904117111891,0.15660675435200325,0.5742247659573452,32.66190998639664,129.50635198198975
Kolkata,22.5726,88.3639,Samanea saman,Rain tree,12,0.95,100,54.03600876626366,309.4799553309808,83.55958793936482,0.1847285853370624,0.6773381462358955,36.60065000772763,166.1070019897174
Kolkata,22.5726,88.3639,Samanea saman,Rain tree,13,0.95,100,51.33420832795048,361.8396491533211,97.6967052713967,0.21598208657961734,0.7919343174585969,40.653321234472884,206.76032322419027
Kolkata,22.5726,88.3639,Samanea saman,Rain tree,14,0.95,100,48.76749791155295,419.7116888679398,113.32215599434376,0.2505259070852732,0.9185949926460018,44.797579385426886,251.55790260961714
Kolkata,22.5726,88.3639,Samanea saman,Rain tree,15,0.95,100,46.329123015975306,483.36087229226445,130.50743551891142,0.28851810467125266,1.0578997171279263,49.01156613338517,300.5694687430023
Kolkata,22.5726,88.3639,Samanea saman,Rain tree,16,0.95,100,44.012666865176534,527.3324202007907,142.3797534542135,0.314764721617852,1.1541373125987906,50.79666105608068,351.36612979908296
Kolkata,22.5726,88.3639,Samanea saman,Rain tree,17,0.95,100,41.812033521917705,573.1688823986065,154.75559824762377,0.34212450590372817,1.2544565216470032,52.45137813489278,403.8175079339757
Kolkata,22.5726,88.3639,Samanea saman,Rain tree,18,0.95,100,39.72143184582182,620.8664393069223,167.63393861286903,0.37059517762230193,1.358848984615107,53.975427331153156,457.7929352651289
Kolkata,22.5726,88.3639,Samanea saman,Rain tree,19,0.95,100,37.73536025353073,670.4214352264462,181.0137875111405,0.40017455468666574,1.4673067005177742,55.36934694645773,513.1622822115867
Kolkata,22.5726,88.3639,Samanea saman,Rain tree,20,0.95,100,35.848592240854195,721.8303651322701,194.89419858571296,0.430860544947452,1.5798219981406574,56.63439462447594,569.7966768360626
Mumbai,19.076,72.8777,Tectona grandis,Teak,0,0.8,100,100.0,0.0,0.0,0.0,0.0,0.0,0.0
Mumbai,19.076,72.8777,Tectona grandis,Teak,1,0.8,100,80.0,0.1413129215633502,0.03956761803773806,8.501385361251148e-05,0.0003117174632458754,0.024937397059670033,0.024937397059670033
Mumbai,19.076,72.8777,Tectona grandis,Teak,2,0.8,100,64.0,1.0754685197204563,0.3011311855217278,0.0006470018614638265,0.0023723401587006972,0.15182977015684462,0.17676716721651464
Mumbai,19.076,72.8777,Tectona grandis,Teak,3,0.8,100,51.20000000000001,3.5252742528724728,0.9870767908042924,0.0021208049905280797,0.007776284965269625,0.3981457902218049,0.5749129574383196
Mumbai,19.076,72.8777,Tectona grandis,Teak,4,0.8,100,40.96000000000001,8.184902867436609,2.291772802882251,0.004924037565049864,0.018054804405182832,0.739524788436289,1.3144377458746086
Mumbai,19.076,72.8777,Tectona grandis,Teak,5,0.8,100,32.76800000000001,15.731351969607923,4.404778551490219,0.009463981344916127,0.03470126493135913,1.1370910492707762,2.451528795145385
Mumbai,19.076,72.8777,Tectona grandis,Teak,6,0.8,100,26.214400000000005,26.829262606716096,7.512193529880507,0.0161404843842004,0.05918177607540147,1.5514147507510045,4.00294354589639
Mumbai,19.076,72.8777,Tectona grandis,Teak,7,0.8,100,20.97152000000001,42.133635752325986,11.797418010651278,0.025347595268599313,0.09294118265153081,1.9491178708002324,5.952061416696622
Mumbai,19.076,72.8777,Tectona grandis,Teak,8,0.8,100,16.777216000000006,62.29158150234396,17.44164282065631,0.03747461543181013,0.13740692324997048,2.3053056312601776,8.2573670479568
Mumbai,19.076,72.8777,Tectona grandis,Teak,9,0.8,100,13.421772800000006,87.94353991467318,24.624191176108493,0.05290683361266738,0.19399172324644706,2.603712834494292,10.861079882451092
Mumbai,19.076,72.8777,Tectona grandis,Teak,10,0.8,100,10.737418240000006,119.7241811207701,33.52277071381563,0.0720260673622553,0.2640955803282694,2.8357047013201466,13.696784583771239
Mumbai,19.076,72.8777,Tectona grandis,Teak,11,0.8,100,8.589934592000006,143.86156818428503,40.281239091599815,0.08654711941966588,0.3173394378721082,2.725925014783459,16.422709598554697
Mumbai,19.076,72.8777,Tectona grandis,Teak,12,0.8,100,6.871947673600006,170.9387656253613,47.862854375101165,0.10283676140021736,0.3770681251341303,2.5911924253042025,19.0139020238589
Mumbai,19.076,72.8777,Tectona grandis,Teak,13,0.8,100,5.497558138880003,201.11579559032444,56.31242276529085,0.12099126262713918,0.4436346296328436,2.4389071688270554,21.452809192685955
Mumbai,19.076,72.8777,Tectona grandis,Teak,14,0.8,100,4.3980465111040035,234.55204575825553,65.67457281231155,0.14110651072816655,0.5173905393366106,2.275507656407599,23.728316849093552
Mumbai,19.076,72.8777,Tectona grandis,Teak,15,0.8,100,3.518437208883203,271.4063049185575,75.99376537719611,0.16327803303900418,0.5986861211430153,2.106439525071542,25.834756374165096
Mumbai,19.076,72.8777,Tectona grandis,Teak,16,0.8,100,2.814749767106562,311.8367948369055,87.31430255433354,0.18760101577388233,0.6878703911709019,1.936183023347796,27.77093939751289
Mumbai,19.076,72.8777,Tectona grandis,Teak,17,0.8,100,2.2517998136852504,356.0011989702191,99.68033571166136,0.2141703213004838,0.785291178101774,1.7683185285382454,29.539257926051135
Mumbai,19.076,72.8777,Tectona grandis,Teak,18,0.8,100,1.8014398509482,404.05668848015677,113.13587277444391,0.2430805037896623,0.8912951805620951,1.6056146572226295,31.144872583273767
Mumbai,19.076,72.8777,Tectona grandis,Teak,19,0.8,100,1.4411518807585602,456.1599459109264,127.72478485505941,0.2744258234600134,1.0062280193533824,1.450127402563088,32.59499998583686
Mumbai,19.076,72.8777,Tectona grandis,Teak,20,0.8,100,1.1529215046068484,512.4671868328206,143.4908123131898,0.30830025959862484,1.1304342851949576,1.3033019969461377,33.898301982782996
Mumbai,19.076,72.8777,Tectona grandis,Teak,0,0.9,100,100.0,0.0,0.0,0.0,0.0,0.0,0.0
Mumbai,19.076,72.8777,Tectona grandis,Teak,1,0.9,100,90.0,0.1413129215633502,0.03956761803773806,8.501385361251148e-05,0.0003117174632458754,0.028054571692128785,0.028054571692128785
Mumbai,19.076,72.8777,Tectona grandis,Teak,2,0.9,100,81.0,1.0754685197204563,0.3011311855217278,0.0006470018614638265,0.0023723401587006972,0.19215955285475647,0.22021412454688527
Mumbai,19.076,72.8777,Tectona grandis,Teak,3,0.9,100,72.9,3.5252742528724728,0.9870767908042924,0.0021208049905280797,0.007776284965269625,0.5668911739681557,0.787105298515041
Mumbai,19.076,72.8777,Tectona grandis,Teak,4,0.9,100,65.61,8.184902867436609,2.291772802882251,0.004924037565049864,0.018054804405182832,1.1845757170240456,1.9716810155390867
Mumbai,19.076,72.8777,Tectona grandis,Teak,5,0.9,100,59.04900000000001,15.731351969607923,4.404778551490219,0.009463981344916127,0.03470126493135913,2.0490749929318257,4.020756008470912
Mumbai,19.076,72.8777,Tectona grandis,Teak,6,0.9,100,53.14410000000001,26.829262606716096,7.512193529880507,0.0161404843842004,0.05918177607540147,3.1451622259287437,7.165918234399657
Mumbai,19.076,72.8777,Tectona grandis,Teak,7,0.9,100,47.82969000000001,42.133635752325986,11.797418010651278,0.025347595268599313,0.09294118265153081,4.445347954456097,11.611266188855755
Mumbai,19.076,72.8777,Tectona grandis,Teak,8,0.9,100,43.046721000000005,62.29158150234396,17.44164282065631,0.03747461543181013,0.13740692324997048,5.914917488609893,17.526183677465646
Mumbai,19.076,72.8777,Tectona grandis,Teak,9,0.9,100,38.74204890000001,87.94353991467318,24.624191176108493,0.05290683361266738,0.19399172324644706,7.515636828209121,25.041820505674767
Mumbai,19.076,72.8777,Tectona grandis,Teak,10,0.9,100,34.867844010000006,119.7241811207701,33.52277071381563,0.0720260673622553,0.2640955803282694,9.208443498616523,34.25026400429129
Mumbai,19.076,72.8777,Tectona grandis,Teak,11,0.9,100,31.381059609000005,143.86156818428503,40.281239091599815,0.08654711941966588,0.3173394378721082,9.958447816151182,44.208711820442474
Mumbai,19.076,72.8777,Tectona grandis,Teak,12,0.9,100,28.242953648100013,170.9387656253613,47.862854375101165,0.10283676140021736,0.3770681251341303,10.649517580339218,54.858229400781696
Mumbai,19.076,72.8777,Tectona grandis,Teak,13,0.9,100,25.418658283290007,201.11579559032444,56.31242276529085,0.12099126262713918,0.4436346296328436,11.276597053271175,66.13482645405287
Mumbai,19.076,72.8777,Tectona grandis,Teak,14,0.9,100,22.876792454961006,234.55204575825553,65.67457281231155,0.14110651072816655,0.5173905393366106,11.83623598656398,77.97106244061685
Mumbai,19.076,72.8777,Tectona grandis,Teak,15,0.9,100,20.58911320946491,271.4063049185575,75.99376537719611,0.16327803303900418,0.5986861211430153,12.326416325148966,90.29747876576582
Mumbai,19.076,72.8777,Tectona grandis,Teak,16,0.9,100,18.53020188851842,311.8367948369055,87.31430255433354,0.18760101577388233,0.6878703911709019,12.74637722153095,103.04385598729677
Mumbai,19.076,72.8777,Tectona grandis,Teak,17,0.9,100,16.677181699666576,356.0011989702191,99.68033571166136,0.2141703213004838,0.785291178101774,13.096443664348511,116.14029965164528
Mumbai,19.076,72.8777,Tectona grandis,Teak,18,0.9,100,15.009463529699918,404.05668848015677,113.13587277444391,0.2430805037896623,0.8912951805620951,13.37786250684407,129.51816215848936
Mumbai,19.076,72.8777,Tectona grandis,Teak,19,0.9,100,13.508517176729926,456.1599459109264,127.72478485505941,0.2744258234600134,1.0062280193533824,13.592648483142098,143.11081064163145
Mumbai,19.076,72.8777,Tectona grandis,Teak,20,0.9,100,12.157665459056934,512.4671868328206,143.4908123131898,0.30830025959862484,1.1304342851949576,13.743441862848451,156.8542525044799
Mumbai,19.076,72.8777,Tectona grandis,Teak,0,0.95,100,100.0,0.0,0.0,0.0,0.0,0.0,0.0
Mumbai,19.076,72.8777,Tectona grandis,Teak,1,0.95,100,95.0,0.1413129215633502,0.03956761803773806,8.501385361251148e-05,0.0003117174632458754,0.02961315900835816,0.02961315900835816
Mumbai,19.076,72.8777,Tectona grandis,Teak,2,0.95,100,90.24999999999999,1.0754685197204563,0.3011311855217278,0.0006470018614638265,0.0023723401587006972,0.2141036993227379,0.24371685833109608
Mumbai,19.076,72.8777,Tectona grandis,Teak,3,0.95,100,85.73749999999998,3.5252742528724728,0.9870767908042924,0.0021208049905280797,0.007776284965269625,0.6667192322098043,0.9104360905409004
Mumbai,19.076,72.8777,Tectona grandis,Teak,4,0.95,100,81.45062499999999,8.184902867436609,2.291772802882251,0.004924037565049864,0.018054804405182832,1.4705751030548948,2.3810111935957954
Mumbai,19.076,72.8777,Tectona grandis,Teak,5,0.95,100,77.37809374999998,15.731351969607923,4.404778551490219,0.009463981344916127,0.03470126493135913,2.6851177311022933,5.066128924698089
Mumbai,19.076,72.8777,Tectona grandis,Teak,6,0.95,100,73.50918906249998,26.829262606716096,7.512193529880507,0.0161404843842004,0.05918177607540147,4.350404366581225,9.416533291279315
Mumbai,19.076,72.8777,Tectona grandis,Teak,7,0.95,100,69.83372960937497,42.133635752325986,11.797418010651278,0.025347595268599313,0.09294118265153081,6.490429418862535,15.90696271014185
Mumbai,19.076,72.8777,Tectona grandis,Teak,8,0.95,100,66.34204312890623,62.29158150234396,17.44164282065631,0.03747461543181013,0.13740692324997048,9.115856028459849,25.0228187386017
Mumbai,19.076,72.8777,Tectona grandis,Teak,9,0.95,100,63.02494097246091,87.94353991467318,24.624191176108493,0.05290683361266738,0.19399172324644706,12.226316906753299,37.249135645355
Mumbai,19.076,72.8777,Tectona grandis,Teak,10,0.95,100,59.873693923837855,119.7241811207701,33.52277071381563,0.0720260673622553,0.2640955803282694,15.812377943213136,53.06151358856813
Mumbai,19.076,72.8777,Tectona grandis,Teak,11,0.95,100,56.880009227645964,143.86156818428503,40.281239091599815,0.08654711941966588,0.3173394378721082,18.050270154461497,71.11178374302963
Mumbai,19.076,72.8777,Tectona grandis,Teak,12,0.95,100,54.03600876626366,170.9387656253613,47.862854375101165,0.10283676140021736,0.3770681251341303,20.375256515226468,91.4870402582561
Mumbai,19.076,72.8777,Tectona grandis,Teak,13,0.95,100,51.33420832795048,201.11579559032444,56.31242276529085,0.12099126262713918,0.4436346296328436,22.773632499065545,114.26067275732164
Mumbai,19.076,72.8777,Tectona grandis,Teak,14,0.95,100,48.76749791155295,234.55204575825553,65.67457281231155,0.14110651072816655,0.5173905393366106,25.231842046555414,139.49251480387704
Mumbai,19.076,72.8777,Tectona grandis,Teak,15,0.95,100,46.329123015975306,271.4063049185575,75.99376537719611,0.16327803303900418,0.5986861211430153,27.736602954391852,167.2291177582689
Mumbai,19.076,72.8777,Tectona grandis,Teak,16,0.95,100,44.012666865176534,311.8367948369055,87.31430255433354,0.18760101577388233,0.6878703911709019,30.275010373023573,197.50412813129248
Mumbai,19.076,72.8777,Tectona grandis,Teak,17,0.95,100,41.812033521917705,356.0011989702191,99.68033571166136,0.2141703213004838,0.785291178101774,32.83462106325762,230.3387491945501
Mumbai,19.076,72.8777,Tectona grandis,Teak,18,0.95,100,39.72143184582182,404.05668848015677,113.13587277444391,0.2430805037896623,0.8912951805620951,35.403520769206715,265.7422699637568
Mumbai,19.076,72.8777,Tectona grandis,Teak,19,0.95,100,37.73536025353073,456.1599459109264,127.72478485505941,0.2744258234600134,1.0062280193533824,37.97037680749657,303.7126467712534
Mumbai,19.076,72.8777,Tectona grandis,Teak,20,0.95,100,35.848592240854195,512.4671868328206,143.4908123131898,0.30830025959862484,1.1304342851949576,40.52447774503551,344.2371245162889
Kolkata,22.5726,88.3639,Terminalia arjuna,Arjun,0,0.8,100,100.0,0.0,0.0,0.0,0.0,0.0,0.0
Kolkata,22.5726,88.3639,Terminalia arjuna,Arjun,1,0.8,100,80.0,0.17881484780136292,0.05006815738438162,0.00010757501243729993,0.0003944417122700997,0.03155533698160798,0.03155533698160798
Kolkata,22.5726,88.3639,Terminalia arjuna,Arjun,2,0.8,100,64.0,1.3608786623434048,0.3810460254561534,0.0008187046032657923,0.003001916878641238,0.19212268023303924,0.22367801721464722
Kolkata,22.5726,88.3639,Terminalia arjuna,Arjun,3,0.8,100,51.20000000000001,4.4608190957460385,1.2490293468088909,0.002683628768000817,0.009839972149336329,0.5038065740460201,0.7274845912606673
Kolkata,22.5726,88.3639,Terminalia arjuna,Arjun,4,0.8,100,40.96000000000001,10.357029946858018,2.8999683851202454,0.006230789216029784,0.02284622712544254,0.9357814630581266,1.663266054318794
Kolkata,22.5726,88.3639,Terminalia arjuna,Arjun,5,0.8,100,32.76800000000001,19.906171898753446,5.573728131650966,0.011975553014290072,0.04391036105239693,1.438854710964943,3.102120765283737
Kolkata,22.5726,88.3639,Terminalia arjuna,Arjun,6,0.8,100,26.214400000000005,33.94926986554477,9.505795562352537,0.020423880751111734,0.07488756275407635,1.9631325250604594,5.065253290344197
Kolkata,22.5726,88.3639,Terminalia arjuna,Arjun,7,0.8,100,20.97152000000001,53.31515038412612,14.928242107555315,0.03207439447109027,0.11760611306066432,2.466378952173984,7.531632242518181
Kolkata,22.5726,88.3639,Terminalia arjuna,Arjun,8,0.8,100,16.777216000000006,78.82265501569435,22.07034340439442,0.047419709257441725,0.17387226727728633,2.917092584520766,10.448724827038946
Kolkata,22.5726,88.3639,Terminalia arjuna,Arjun,9,0.8,100,13.421772800000006,111.28218517445075,31.159011848846212,0.06694736260094956,0.24547366287014838,3.294691731426929,13.743416558465874
Kolkata,22.5726,88.3639,Terminalia arjuna,Arjun,10,0.8,100,10.737418240000006,151.49684111269298,42.41911551155404,0.09114049961339608,0.33418183191578565,3.5882500974891727,17.331666655955047
Kolkata,22.5726,88.3639,Terminalia arjuna,Arjun,11,0.8,100,8.589934592000006,181.49315982119737,50.81808474993527,0.10918628494843234,0.40034971147758525,3.438977835518531,20.77064449147358
Kolkata,22.5726,88.3639,Terminalia arjuna,Arjun,12,0.8,100,6.871947673600006,215.09642706306508,60.226999577658226,0.12940201052113995,0.47447403857751314,3.260560765586341,24.03120525705992
Kolkata,22.5726,88.3639,Terminalia arjuna,Arjun,13,0.8,100,5.497558138880003,252.50110060047845,70.70030816813397,0.15190466212124784,0.556983761111242,3.062050609121104,27.093255866181025
Kolkata,22.5726,88.3639,Terminalia arjuna,Arjun,14,0.8,100,4.3980465111040035,293.90087377420224,82.29224465677663,0.17681076566256007,0.6483061407627202,2.8512805605087825,29.944536426689808
Kolkata,22.5726,88.3639,Terminalia arjuna,Arjun,15,0.8,100,3.518437208883203,339.48871792844886,95.05684101996569,0.20423641270575485,0.7488668465877677,2.634840977533431,32.57937740422324
Kolkata,22.5726,88.3639,Terminalia arjuna,Arjun,16,0.8,100,2.814749767106562,389.4569204789654,109.04793773411032,0.2342972833601456,0.8590900389872005,2.41812348716279,34.997500891386025
Kolkata,22.5726,88.3639,Terminalia arjuna,Arjun,17,0.8,100,2.2517998136852504,443.9971192659077,124.31919339445417,0.26710866695037006,0.9793984454846901,2.205409237066049,37.202910128452075
Kolkata,22.5726,88.3639,Terminalia arjuna,Arjun,18,0.8,100,1.8014398509482,503.30033371070414,140.92409343899718,0.30278548076035966,1.110213429454652,1.999982714877478,39.20289284332955
Kolkata,22.5726,88.3639,Terminalia arjuna,Arjun,19,0.8,100,1.4411518807585602,567.5569932024003,158.9159580966721,0.341442287110564,1.2519550527387346,1.80425737887961,41.00715022220916
Kolkata,22.5726,88.3639,Terminalia arjuna,Arjun,20,0.8,100,1.1529215046068484,636.9569630659681,178.3479496584711,0.38319330898048637,1.40504213292845,1.619903289931884,42.627053512141046
Kolkata,22.5726,88.3639,Terminalia arjuna,Arjun,0,0.9,100,100.0,0.0,0.0,0.0,0.0,0.0,0.0
Kolkata,22.5726,88.3639,Terminalia arjuna,Arjun,1,0.9,100,90.0,0.17881484780136292,0.05006815738438162,0.00010757501243729993,0.0003944417122700997,0.03549975410430897,0.03549975410430897
Kolkata,22.5726,88.3639,Terminalia arjuna,Arjun,2,0.9,100,81.0,1.3608786623434048,0.3810460254561534,0.0008187046032657923,0.003001916878641238,0.2431552671699403,0.27865502127424924
Kolkata,22.5726,88.3639,Terminalia arjuna,Arjun,3,0.9,100,72.9,4.4608190957460385,1.2490293468088909,0.002683628768000817,0.009839972149336329,0.7173339696866184,0.9959889909608677
Kolkata,22.5726,88.3639,Terminalia arjuna,Arjun,4,0.9,100,65.61,10.357029946858018,2.8999683851202454,0.006230789216029784,0.02284622712544254,1.498940961700285,2.4949299526611526
Kolkata,22.5726,88.3639,Terminalia arjuna,Arjun,5,0.9,100,59.04900000000001,19.906171898753446,5.573728131650966,0.011975553014290072,0.04391036105239693,2.5928629097829865,5.0877928624441395
Kolkata,22.5726,88.3639,Terminalia arjuna,Arjun,6,0.9,100,53.14410000000001,33.94926986554477,9.505795562352537,0.020423880751111734,0.07488756275407635,3.9798321237589094,9.067624986203048
Kolkata,22.5726,88.3639,Terminalia arjuna,Arjun,7,0.9,100,47.82969000000001,53.31515038412612,14.928242107555315,0.03207439447109027,0.11760611306066432,5.625063929796526,14.692688915999575
Kolkata,22.5726,88.3639,Terminalia arjuna,Arjun,8,0.9,100,43.046721000000005,78.82265501569435,22.07034340439442,0.047419709257441725,0.17387226727728633,7.484630979122775,22.177319895122352
Kolkata,22.5726,88.3639,Terminalia arjuna,Arjun,9,0.9,100,38.74204890000001,111.28218517445075,31.159011848846212,0.06694736260094956,0.24547366287014838,9.510152650577405,31.687472545699755
Kolkata,22.5726,88.3639,Terminalia arjuna,Arjun,10,0.9,100,34.867844010000006,151.49684111269298,42.41911551155404,0.09114049961339608,0.33418183191578565,11.652199986215656,43.33967253191541
Kolkata,22.5726,88.3639,Terminalia arjuna,Arjun,11,0.9,100,31.381059609000005,181.49315982119737,50.81808474993527,0.10918628494843234,0.40034971147758525,12.563398160324056,55.90307069223947
Kolkata,22.5726,88.3639,Terminalia arjuna,Arjun,12,0.9,100,28.242953648100013,215.09642706306508,60.226999577658226,0.12940201052113995,0.47447403857751314,13.40054827877152,69.30361897101099
Kolkata,22.5726,88.3639,Terminalia arjuna,Arjun,13,0.9,100,25.418658283290007,252.50110060047845,70.70030816813397,0.15190466212124784,0.556983761111242,14.157779893028295,83.46139886403928
Kolkata,22.5726,88.3639,Terminalia arjuna,Arjun,14,0.9,100,22.876792454961006,293.90087377420224,82.29224465677663,0.17681076566256007,0.6483061407627202,14.831165029505485,98.29256389354477
Kolkata,22.5726,88.3639,Terminalia arjuna,Arjun,15,0.9,100,20.58911320946491,339.48871792844886,95.05684101996569,0.20423641270575485,0.7488668465877677,15.41850428321054,113.7110681767553
Kolkata,22.5726,88.3639,Terminalia arjuna,Arjun,16,0.9,100,18.53020188851842,389.4569204789654,109.04793773411032,0.2342972833601456,0.8590900389872005,15.919111862847986,129.6301800396033
Kolkata,22.5726,88.3639,Terminalia arjuna,Arjun,17,0.9,100,16.677181699666576,443.9971192659077,124.31919339445417,0.26710866695037006,0.9793984454846901,16.33360583171917,145.96378587132244
Kolkata,22.5726,88.3639,Terminalia arjuna,Arjun,18,0.9,100,15.009463529699918,503.30033371070414,140.92409343899718,0.30278548076035966,1.110213429454652,16.66370797958267,162.62749385090513
Kolkata,22.5726,88.3639,Terminalia arjuna,Arjun,19,0.9,100,13.508517176729926,567.5569932024003,158.9159580966721,0.341442287110564,1.2519550527387346,16.912056334415016,179.53955018532014
Kolkata,22.5726,88.3639,Terminalia arjuna,Arjun,20,0.9,100,12.157665459056934,636.9569630659681,178.3479496584711,0.38319330898048637,1.40504213292845,17.082032208023897,196.62158239334403
Kolkata,22.5726,88.3639,Terminalia arjuna,Arjun,0,0.95,100,100.0,0.0,0.0,0.0,0.0,0.0,0.0
Kolkata,22.5726,88.3639,Terminalia arjuna,Arjun,1,0.95,100,95.0,0.17881484780136292,0.05006815738438162,0.00010757501243729993,0.0003944417122700997,0.03747196266565947,0.03747196266565947
Kolkata,22.5726,88.3639,Terminalia arjuna,Arjun,2,0.95,100,90.24999999999999,1.3608786623434048,0.3810460254561534,0.0008187046032657923,0.003001916878641238,0.2709229982973717,0.3083949609630312
Kolkata,22.5726,88.3639,Terminalia arjuna,Arjun,3,0.95,100,85.73749999999998,4.4608190957460385,1.2490293468088909,0.002683628768000817,0.009839972149336329,0.8436546121537233,1.1520495731167544
Kolkata,22.5726,88.3639,Terminalia arjuna,Arjun,4,0.95,100,81.45062499999999,10.357029946858018,2.8999683851202454,0.006230789216029784,0.02284622712544254,1.860839478259248,3.0128890513760025
Kolkata,22.5726,88.3639,Terminalia arjuna,Arjun,5,0.95,100,77.37809374999998,19.906171898753446,5.573728131650966,0.011975553014290072,0.04391036105239693,3.397700034108717,6.41058908548472
Kolkata,22.5726,88.3639,Terminalia arjuna,Arjun,6,0.95,100,73.50918906249998,33.94926986554477,9.505795562352537,0.020423880751111734,0.07488756275407635,5.504924008919231,11.91551309440395
Kolkata,22.5726,88.3639,Terminalia arjuna,Arjun,7,0.95,100,69.83372960937497,53.31515038412612,14.928242107555315,0.03207439447109027,0.11760611306066432,8.212873499888014,20.128386594291964
Kolkata,22.5726,88.3639,Terminalia arjuna,Arjun,8,0.95,100,66.34204312890623,78.82265501569435,22.07034340439442,0.047419709257441725,0.17387226727728633,11.53504145463044,31.663428048922405
Kolkata,22.5726,88.3639,Terminalia arjuna,Arjun,9,0.95,100,63.02494097246091,111.28218517445075,31.159011848846212,0.06694736260094956,0.24547366287014838,15.47096311268487,47.134391161607276
Kolkata,22.5726,88.3639,Terminalia arjuna,Arjun,10,0.95,100,59.873693923837855,151.49684111269298,42.41911551155404,0.09114049961339608,0.33418183191578565,20.00870071903318,67.14309188064045
Kolkata,22.5726,88.3639,Terminalia arjuna,Arjun,11,0.95,100,56.880009227645964,181.49315982119737,50.81808474993527,0.10918628494843234,0.40034971147758525,22.771895283130448,89.9149871637709
Kolkata,22.5726,88.3639,Terminalia arjuna,Arjun,12,0.95,100,54.03600876626366,215.09642706306508,60.226999577658226,0.12940201052113995,0.47447403857751314,25.638683307939022,115.55367047170992
Kolkata,22.5726,88.3639,Terminalia arjuna,Arjun,13,0.95,100,51.33420832795048,252.50110060047845,70.70030816813397,0.15190466212124784,0.556983761111242,28.592320428169902,144.14599089987982
Kolkata,22.5726,88.3639,Terminalia arjuna,Arjun,14,0.95,100,48.76749791155295,293.90087377420224,82.29224465677663,0.17681076566256007,0.6483061407627202,31.61626836569291,175.76225926557274
Kolkata,22.5726,88.3639,Terminalia arjuna,Arjun,15,0.95,100,46.329123015975306,339.48871792844886,95.05684101996569,0.20423641270575485,0.7488668465877677,34.694344258150196,210.45660352372295
Kolkata,22.5726,88.3639,Terminalia arjuna,Arjun,16,0.95,100,44.012666865176534,389.4569204789654,109.04793773411032,0.2342972833601456,0.8590900389872005,37.810843693135176,248.26744721685813
Kolkata,22.5726,88.3639,Terminalia arjuna,Arjun,17,0.95,100,41.812033521917705,443.9971192659077,124.31919339445417,0.26710866695037006,0.9793984454846901,40.95064063391995,289.2180878507781
Kolkata,22.5726,88.3639,Terminalia arjuna,Arjun,18,0.95,100,39.72143184582182,503.30033371070414,140.92409343899718,0.30278548076035966,1.110213429454652,44.099267072399066,333.31735492317716
Kolkata,22.5726,88.3639,Terminalia arjuna,Arjun,19,0.95,100,37.73536025353073,567.5569932024003,158.9159580966721,0.341442287110564,1.2519550527387346,47.24297493632422,380.5603298595014
Kolkata,22.5726,88.3639,Terminalia arjuna,Arjun,20,0.95,100,35.848592240854195,636.9569630659681,178.3479496584711,0.38319330898048637,1.40504213292845,50.36878250457206,430.92911236407343
